Venue,Address 1,Address 2,Phone,Web
40 Degrees,29 Henry Street,,01 8735100,
747 Travel,82 Aungier Street,,01 4780099,http://www.747travel.ie
A.T. Carmody and Co.,Finance House,46 Prussia Street,01 8685944,
Acap,7 Molesworth Street,,01 6799743,http://www.acapgroup.com
Accessorize,23d Mary Street,,01 8783525,http://www.monsoon.co.uk
Adam Hairdressing,112 Lower Baggot Street,,01 6611952,
Adams Trinity Hotel,28 Dame Street,,01 6707100,http://www.irelandby.com/adams/
Adonis,59-60 Patrick Street,,01 4545973,http://www.adonisflowerdesigners.ie
Age Action Ireland,30 - 31 Lower Camden Street,,01 4756989,
AIB Bank,126-128 Capel Street,,01 8721022,http://www.aib.ie
Alakebabra,22 Temple Bar,,086 2862094,
Alexanders Bridal,Parnell Street,,01 8744547,
Alias Tom,Duke House,Duke Lane,01 6715443,
Ali's Barber Shop,23a Aungier Street,,01 4757822,
All Seasons,31 Aungier Street,,01 4782901,
All Sorts,63 Aungier Street,,,
Alliance Electric,7 Castle House,South Great Georges Street,01 4755755,http://www.allianceelectric.ie
Alliance Electric,7 Castle House,South Great George's Street,01 4755755,
Alto Food,66 Abbey Street Middle,,01 8733991,
American Design,44 Moore Mall,llac Centre,01 8747633,http://www.adwears.com
American Holidays,18-19 Duke Street,,01 4331050,http://www.americanholidays.com
Ann Summers,30-31 Lower O'Connell Street,,01 8781385,http://www.annsummers.com
Apache Pizza,58 Dame Street,,01 6778154,
Apex Travel,59 Dame Street,,01 6715933,http://www.apextravel.ie
Applewoods Cafe,3 Werburgh Street,,01 4540998,http://www.hog-roast.ie
Aqua,60 Parnell Mall,Ilac Centre,01 8723492,
Argos,Jervis Street Shopping Centre,Mary Street,01 8733255,http://www.argos.ie
Argos,Parnell Mall,Ilac Centre,01 2161616,http://www.argos.ie
Ark Children Centre,11a Eustace Street,,01 6707788,http://www.ark.ie
Arlington Hotel,23-25 Bachelors Walk,,01 8049100,http://www.arlington.ie
Arnotts,12 Henry Street,,01 8050436,http://www.arnotts.ie
Art & Hobby Shop,Jervis Street Shopping Centre,Mary Street,01 8745312,http://www.artnhobby.ie
Art & Hobby Shop,Second Floor,St. Stephens Green Shopping Centre,01 4781263,http://www.artnhobby.ie
Asha,Second Floor,St. Stephens Green Shopping Centre,01 4781396,
Aspirations,1c Dame Lane,Trinity Street,01 6707269,http://aspirationsbridal.ie
Auld Dubliner,Temple Bar,,01 6770527,http://www.thesmithgroup.ie
Aungier Street Clinic,73 Aungier Street,,01 4005708,http://www.aungierclinic.ie/
Aya Food Bar,48-52 Clarendon Street,,01 6771544,http://www.aya.ie
B. Lynch & Sons,62 Lower Camden Street,,01 4751642,
Back Shop,32 Exchequer Street,,01 6712161,http://www.back-shop.com
Bag Shop,10 Talbot Street,,01 8731065,http://www.thebagshoponline.com
Bag Shop,3 Greeg Court,Parnell Street,01 8783162 ,http://www.thebagshoponline.com
Bag Shop,39 Henry Street,,01 8783162 ,http://www.thebagshoponline.com
Bagel Bar,70 Parnell Mall,Ilac Centre,01 8044318,http://www.thebagelbars.com
Bagel Factory,112a Lower Baggot Street,,01 6785159,
Bagel Factory,32 Dawson Street,,01 6778940,
Bagel Factory,33 Wicklow Street,,01 6334588,
Bakery,3 Pudding Lane,Essex Street West,01 6729882,
Bald Barista,68 Aungier Street,,01 4758616,
Balkan Tours ,5-6 South Great Georges Street,,01 6794415,http://www.balkan.co.uk
Banana Tree,First Floor,St. Stephens Shopping Centre,01 4789906,
Bank of Ireland,39 St Stephens Green,,01 6761976,http://www.bankofireland.ie
Bank of Ireland,Baggot Street Lower,,01 6615255,http://www.bankofireland.ie
Bar Italia,Essex Quay,,01 6795128,
Barratts,80 Grafton Street,,0044 1274628006,http://www.barratts.co.uk
Barratts Ladies,1 Post Office Building,Henry Street,01 8724033,http://www.barratts.co.uk
Baumler,51a Dawson Street,,01 6759773,http://www.baeumler.com/BaeumlerNew/
Berlin Opticians,157 Capel Street,,01 6775910,
Bershka,Jervis Street Shopping Centre,Mary Street,01 8148891,http://www.bershka.com
Bertoni,100 Talbot Street,,01 8747617,
Bertoni Neon,First Floor,St. Stephens Shopping Centre,01 4781906,
Best Menswear,39 Mary Street,,01 8726622,http://www.bestsmenswear.com/
Best Menswear,Ground Floor,St. Stephens Green Shopping Centre,01 4784655,http://www.bestsmenswear.com/
Birkenstock,36 Wicklow Street,,01 6753766,http://www.birkenstock.co.uk
Bistro,4-5 Castle Market,,01 6715430,http://www.thebistro.ie
Blacktie,140 Lower Baggot Street,,01 6763711,
Blarney Woollen Mills,26-27 Nassau Street,,01 6710068,http://www.blarney.com
Blooming Amazing,8-9 Royal Hibernian Way,Dawson Street,01 6795913,http://www.bloomingamazing.ie
Bobo's,22 Wexford Street,,01 4005760,
Boccaccio,18 Dame Street,,01 6797049,http://www.boccacciodublin.com
Body Shop,2 Post Office Building,Henry Street,01 8726454,http://www.thebodyshop.com
Body Shop,82 Grafton Street,,01 6794569,http://www.thebodyshop.com
Bokay,110a Lower Baggot Street,,01 6149764,
Bolands,21 Duke Street,,01 6776964,
Bonavox Ltd,9 North Earl Street,,01 8742341,http://www.bonavox.net
Boodles,71 Grafton Street,,01 6790203,http://www.boodles.com
Boots,50 Moore Mall,Ilac Centre,01 8722520,http://www.boots.ie/
Boots,First Floor,St. Stephens Shopping Centre,01 4751868,http://www.boots.ie/
Boots,Jervis Street Shopping Centre,Mary Street,01 8780200,http://www.boots.ie/
Boots Pharmacy,12 Grafton Street,,01 6773000,http://www.boots.ie
Boulevard Cafe,37 Exchequer Street,,01 6792131,
Boutique Lacoste - Menswear,12 Wicklow Street,,01 6716015,http://www.lacoste.com
Boylans Shoes,15 Royal Hibernian Way,,01 6711509,
Brambles @ City Hall,Dame Street,,01 6334386,
Brendon Kidd,19 Capel Street,,01 8729232,
Bridal Designs,25 Aungier Street,,01 4784211,
Broadway Amusements,8 Lower O�Connell Street,,01 8743459,
Brooks Hotel,Drury Street,,01 6704000,http://www.brookshotel.ie
Bryans,3a Talbot Street,,,
Budda Bag Dublin,Millenium Walkway,,01 8734245,http://www.buddabag.com
Budget Travel Shop,1 Lower Liffey Street,,01 8729077,http://www.budgettravel.ie
Budget Travel Shop,134 Lower Baggot Street,,01 6311100,http://www.budgettravel.ie
Buffalo,16 Exchequer Street,,01 6712492,http://www.buffalo-boots.com
Burger King,39 Grafton Street,,01 6772516,http://www.okr.ie
Burger King,53 - 54 Lower O�Connell Street ,,01 8722474,http://www.okr.ie
Burger King,65 Parnell Mall,Ilac Centre,01 8782247,http://www.okr.ie
Burger King,9 Lower Baggot Street,,01 6619896,http://www.okr.ie
Burger King,Jervis Street Shopping Centre,Mary Street,01 8781495,http://www.okr.ie
Burton,Jervis Street Shopping Centre,Mary Street,01 8781016,http://www.burton.co.uk
Bus Stop Newsagents,6 Grafton Street,,01 6714476,
Bus Stop Newsagents,8 Upper O'Connell Street,,01 8787001,
Busaras,Store Street,,01 8366111,http://www.buseireann.ie
Buskers Bar,14 Fleet Street,,01 6773333,http://www.templebarhotel.com
Butlers Chocolate Cafe,2 Lower Liffey Street,,01 8783402,http://www.butlerschocolates.com
Byblos Restaurant,11 St Andrews Street,,01 6791517,
Bygone Days,George's Street Arcade.,,08 63210740,
C & R Fireplaces,162 Capel Street,,01 8731728,
C.A.S.A.,26 Capel Street,,01 8728538,
C.O.M.,1-2 Scarlet Row,Essex Street,01 6708357,
Cabra Library,Navan Road,,01 8691414,http://www.dublincitypubliclibraries.ie
Cactus Jacks,Millennium Walkway,Middle Abbey,01 451411,http://www.cactusjacks.ie
Caf� Angelo,36 Wexford Street,,01 4780683,
Caf� Leon,33 Exchequer Street,,01 6707238,http://www.cafeleon.ie
Cafe Mao,Chatham Row,,01 6704899,http://www.cafemao.com
Cafe Metzo,Unit 13 Park Shopping Centre,Prussia Street,01 8684920,
Caf� Sol,Harcourt Road,,01 4781016,
Caf� Sora,34 Aungier Street,,01 4758602,
Cafe Urbano,Jervis Street,Millenium Walkway,01 8740054,http://www.urbano.ie
Caffe Cagliostro,Lower Ormond Quay,Blooms Lane,01 8880860,
Cahills Pharmacy,36 Lower Camden Street,,01 4753160,
Camden Barber,75 Lower Camden Street,,085 1106601,
Camper,10 Wicklow Street,,01 7071501,http://www.camper.com
CanAmerica,67 Abbey Street Middle,,01 8720444,http://www.canamerica.ie
Capel Camping,132 Capel Street,,01 8734292,http://www.capelcamping.ie
Capel Court Upholstery,110 Capel Street,,01 8733162,
Capital Properties,9 Aungier Street,,01 4754144,http://www.capitalproperties.ie
Car Boot Shop,21 Eden Quay,,0,http://www.thecarbootshop.com
Car Boot Shop,21 Eden Quay,,086-6798849,http://www.thecarbootshop.com
Card Gallery,31 Grafton Street,,01 6794958,
Carl Scarda,25 Grafton Street,,01 6777846,
Carmelite Community Centre Whitefriar Street,56 Aungier Street,,01 4754673,
Carphone Warehouse,2 Henry Street,,1850424800,http://www.carphonewarehouse.ie/
Carphone Warehouse,30 Grafton Street,,01 6705265,http://www.carphonewarehouse.ie
Carphone Warehouse,8 North Earl Street,,,http://www.carphonewarehouse.ie/
Carrolls Irish Gifts,39 Henry Street,,01 8731491,http://www.carrollsirishgifts.com
Carrolls Irish Gifts,57 Upper O'Connell Street,,01 8735709,http://www.carrollsirishgifts.com
Carrolls Irish Gifts ,Ground Floor,St. Stephens Green Shopping Centre,01 4758909,http://www.carrollsirishgifts.com
Caru,30 Drury Street,,01 6040754,http://www.caru.ie
Celtic Collection,Jervis Street Shopping Centre,Mary Street,01 8786856,http://www.celticfc.co.uk
Celtic Spirit,Ground Floor,St. Stephens Green Shopping Centre,,
Celtic Whiskey Shop,27-28 Dawson Street ,,01 6759744,http://www.celticwhiskeyshop.com
Centra,121 Capel Street,,01 8782296,http://www.centra.ie/
Centra,4-6 North King Street,,01 8787431,http://www.centra.ie/
Centra,56 Dame Street,,01 6704146,http://www.centra.ie
Centra,9 Patrick Street,,,http://www.centra.ie/
Centra,9 Wicklow Street,,01 6333982,http://www.centra.ie
Centra,Camden Street,,01 6658160,http://www.centra.ie/
Centra,Temple Bar,,01 6709952,http://www.centra.ie/
Centra,Unit 1-2 North King Street,,01 8787433,http://www.centra.ie
Central Bar,18 Aungier Street,,01 4753808,
Central Library,Ilac Centre,Henry Street,01 8734333,http://www.dublincitypubliclibraries.ie
Central Ticket Bureau,33 Eden Quay,,01 8721122,http://www.centralticketbureau.com
Champion Sports,24 Henry Street,,01 8729808,http://www.champion.ie
Champion Sports,Jervis Street Shopping Centre,Mary Street,01 8781700,http://www.champion.ie/
Changs Chinese Buffet Restaurant,11a Lower Baggot Street,,01 6629642,
Charles Byrne,21-22 Lower Stephen Street,,01 4781773,http://www.charlesbyrne.com
Charlie's Malay and Chinese,71 Dame Street,,01 6793455,
Chartbusters,5 Heritage Village,,01 8783655,http://www.chartbusters.ie
Chesneau,37 Wicklow Street,,01 6729199,http://www.chesneaudesign.com
Chester Beatty Museum,Dublin Castle,,01 4070750,http://www.cbl.ie
China Blue Ltd,Merchant's Arch,Temple Bar,01 6718785,
Chinese Natural Herbal Centre,24 Aungier Street,,01 4756974,
Chorus Cafe,7 Scarlet Row,Fishamble Street,01 6167088,
Christchurch Cathedral,Christchurch Place,Dublin 8,01 6778099,www.cccdub.ie
Christie and Gargan Solicitors,Unit 2 Stewart Hall,Parnell Street,01 8726974,
Christopher David Hair Salon,72 Capel Street,,01 8745857,
Church,Mary Street,Dublin 1,01 8280102,www.thechurch.ie
CIE Tours,35 Lower Abbey Street,,01 7031829,http://www.cietours.ie
Cinderella Shoes,Second Floor,St. Stephens Green Shopping Centre,01 4750389,http://www.cinderellashoes.ie
Cinders,22 Wicklow Street,,01 6777491,http://www.cinders.ie
Citi Bar,46-49 Dame Street,,01 6794455,
City Electronics Ltd,73 Aungier Street,,01 4780915,
City Hall Exhibition,Dame Street,,01 2222204,http://www.dublincity.ie
City Hall Rotunda,Dame Street,,01 2222204,http://www.dublincity.ie/
City Pharmacy,14 Dame Street,,01 6704523,http://www.citypharmacy.ie
Claire's,75 Central Mall,Ilac Centre,01 8583112,http://www.claires.com
Clarence Hotel,6-8 Wellington Quay,,01 4070800,http://www.theclarence.ie
Clarion Hotel IFSC,IFSC,Clarion Quay,01 4338800,www.clarionhotelifsc.com
Clarks, 43-44 Lower O�Connell Street ,,01 8727665,http://www.clarks.co.uk
Classic,15 Talbot Street,,01 8727967,
Clearys,Irish Life Mall,,01 8786935,
Click,Ground Floor,St. Stephens Green Shopping Centre,01 4750446,
Clontarf Castle Hotel,Castle Avenue,Clontarf,01 8332321,www.clontarfcastle.ie
Cocobelle,25 Royal Hibernian Way,Dawson Street,01 7071818,
Cocoon Bar and Bistro,2 Duke Lane,Royal Hibernian Way,01 6796488,http://www.cocoon.ie
Cody's,53 Capel Street,,01 8724274,
Coffee Society,Camden Street,,08 72379934,
Comfort Inn,Smithfield Plaza,,01 4850900,http://www.comfortinns.ie
Connected Clothing,69 Abbey Street Middle,,01 8721846,
Connolly Station,Amiens Street,,01 7032359,http://www.irishrail.ie
Copper Alley Bistro,2 Lord Edward Street,,01 6796500,
Corkscrew,4 Chatham Street,,01 6745731,
Cornerhouse Grill,17 South Great Georges Street,,01 7079596,http://www.cornerhousegrill.ie
Cowboys and Angels,4 South William Street,,01 6797654,http://www.cowboys-and-angels.ie
Croke Park,Jones's Road,,01 8192300,http://www.crokepark.ie
Curzon Launderette,19b Curzon Street,,01 4755439,
Cycelogical,3 Bachelor's Walk,,01 8724678,http://www.cyclelogical-bikes.com
Da Pino,38-40 Parliament Street,,01 6719308,
Dan - Tien,30-31 Bride Street,,01 4738845,http://www.dan-tien.com
Dandelion,St. Stephens Green (West),,01 4780870,
Darkey Kelly's,Fishamble Street,,01 6796500,
Davids,19 Royal Hibernian Way,Dawson Street,01 6337060,
Dawson Jewellers,21 Dawson Street,,01 6624437,
Dazzle Laundry, 6 - 11 Lower Kevin Street,,01 4756103,
DC Accountants,112 Dorset Street,,01 7867688,www.dca.ie
DC John,124 Dorset Stret,,,
Debenhams,54  - 62 Henry Street,,01 8447200,http://www.debenhams.com
Decor,14a Wexford Street,,01 4759010,
Decwells DIY,60 South Great Georges Street,,01 4781377,http://experthardware.ie
Delayney's Off Licence,17 Aungier Street,,01 4753808,
Delish,31 Wicklow Street,,01 6774190,
Denis MacSweeny Photoshop,23 Dawson Street,,01 6762891,http://www.denismacsweeny.com
Desmonds,19 Talbot Street,,01 8741935,
DHF,8 Arran Quay,,01 8725610,
Diep Le Shaker,55 Pembroke Lane,,01 6611829,http://www.diep.net
Diffney,First Floor,St. Stephens Shopping Centre,01 4752863,http://www.diffney.ie
Dixons,Jervis Street Shopping Centre,Mary Street,01 8781515,http://www.dixons.co.uk
Djinn,15a  Wexford Street,,01 4759919,http://www.djinnjewellery.com
Doheny and Nesbitt,4-5 Lower Baggot Street,,01 6762945,
Dolls Hospital,62 South Great George's Street,,01 4783403,http://www.dollstore.ie
Dolphin Discs,56 Moore Street,,01 8729998,http://www.essentialirish.com
Dolphin Discs,97a Talbot Street,,01 8747438,http://www.essentialirish.com
Dolphin's Barn Public Library,Parnell Road,,01 4540681,http://www.dublincitypubliclibraries.ie
Donegal Shop,Second Floor,St. Stephens Green Shopping Centre,01 4754621,http://www.donegalshop.ie
Dorothy Perkins,Jervis Street Shopping Centre,Mary Street,01 8781016,http://www.dorothyperkins.com
Down To Earth,72-73 South Great George's Street,,01 6719702,
Downeys Pharmacy,6 Lower Baggot Street,,01 6785612,
Dpoint,First Floor,St. Stephens Shopping Centre,01 4759763,
Dublin Bus,59 Upper O'Connell Street,,01 8734222,http://www.dublinbus.ie
Dublin City Gallery Hugh Lane,Parnell Saqure ,,01 2225564,http://www.hughlane.ie
Dublin City Motor Tax Office,Block B Blackhall Walk,Queen Street,01 222 8000,www.motortax.ie
Dublin Convenience,63 Lower Camden Street,,,
Dublin Locks,111 Capel Street,,01 8748495,
Dublin Pet Stores,118 Capel Street,,01 8743116,
Dublin Simon Community,57 Lower Camden Road,,01 4757012,
Dublin Thai Centre,5 College Court,Lower Kevin Street,01 4759518,http://www.thaimassagedublin.com
Dublin Zoo,Zoo Road,Phoenix Park Dublin 8,01 4748900,www.dublinzoo.ie
Dublinia,St. Michaels Hill,,01 6794611,http://www.dublinia.ie
Dubray Books,16 Grafton Street,,01 6775568,
Dunnes Stores,28 North Earl Street,,01 8585407,http://www.dunnesstores.ie
Dunnes Stores,45-51 South Great Georges Street,,01 6111600,http://www.dunnesstores.ie
Dunnes Stores,46-50 South Great George's Street,,01 4155044,http://www.dunnesstores.ie
Dunnes Stores,62 Grafton Street,,01 6714430,http://www.dunnesstores.ie
Dunnes Stores,Henry Street,,01 8146224,http://www.dunnesstores.com
Early Learning Centre,3 Henry Street,,01 8731945,http://www.elc.co.uk/
Eason,80 Middle Abbey Street,,18583800,http://www.eason.ie
Eason's & Son,Irish Life Mall,Talbot Street,01 8727010,http://www.easons.com
Ecco - Ladies,11 Wicklow Street,,01 6798714,http://www.ecco-shoes.co.uk
Eddie Rocket's City Diner,Wexford Street,,01 4752324,http://www.eddierockets.com
Eddie's Grocery,64a Clanbrassil Street Upper,,01 4534519,
Ed's Barber Shop,144 Upper Abbey Street,,01 8723391,
Electro Repair Centre,38-40 South Great Georges Street,,01 6751873,
Elverys Sports,56 Lower O'Connell Street,,01 8783934,http://www.elverys.ie
Elverys@CrokePark.ie,Jones's Road,,01 8192386,http://www.elverys.ie
Enable Ireland,25 Capel Street,,01 8733867,
Enable Ireland,8 South Great Georges Street,,01 4782763,http://www.enableireland.ie
Enable Ireland,8 South Great George's Street,,01 4782763,
Ernest Jones,81 Grafton Street,,01 6797599,http://www.ernestjones.co.uk
Euro 2,53 -54 Moore Street,,18731922,
Evergreen,34 Wexford Street,,01 4785265,
Everys Rugby,24 Dawson Street,,01 6791141,
Evolution,6 GPO Arcade,Henry Street,01 8748782,http://www.evolutiongifts.co.uk
F M Mobiles,76 Camden Street,,01 6750692,http://www.fmmobiles.ie
F X Buckley Meat Emporium,60-61 Moore Street,,01 8732607,
Fafies Creperie,2 Lower Kevin Street,,01 4763888,http://www.fafies.com
Falcon Travel Shop,97 Talbot Street,,01 8873707,http://www.falcontravelshop.ie
Fallon & Byrne,11-17 Exchequer Street,,01 4721010,http://www.fallonandbyrne.com
Fast Fix,Ground Floor,St. Stephens Green Shopping Centre,01 4755228,http://www.fast-fix.ie
Fat Face,31 Exchequer Street,,01 6772415,http://www.fatface.com
Favourite Fried Chicken,3a Clanbrassil Street Upper,,01 4167170,
Feraud,24 Duke Street,,01 6799910,
Fields,22 Grafton Street,,01 6712419,http://www.fields.ie
Fields,30 Henry Street,,01 8723790,http://www.fields.ie
Fields,Jervis Street Shopping Centre,Mary Street,01 8781578,http://www.fields.ie
Finnegan Menton,17 Merrion Row,,01 6147900,http://www.finneganmenton.ie
Fionn Uisce Restaurant,Pheonix Park Visitor Centre,Pheonix Park,01 6770090,
First Active,149a Lower Baggot Street,,01 6767742,http://www.firstactive.ie
First Stop,26 Bachelor's Walk,,01 8731593,
Fitzpatricks,76 Grafton Street,,01 6772333,
Floridita,Irish Life Mall,Lower Abbey Street,01 8781032,
Flynns,Edel House,51-52 Bolton Street,01 8727699,
FM Mobiles,40 South Great Georges Street,,01 6750692,http://www.fmmobiles.ie
Fogarty's,80 Dame Street,,01 6771961,http://www.fogartylockandsafe.com
Foley's Chemist,136 Parnell Street,,01 8746972,
Foot Locker,49 Lower O'Connell Street,,01 8049415,http://www.footlocker.ie
Footprint,68-69 Talbot Street,,01 8363764,http://www.scriptureunion.ie
Frame Art,Second Floor,St. Stephens Green Shopping Centre,01 4753241,
Frank's,2 Camden Street,,01 4753255,
Fresh The Good Food Market,Unit 7,Smithfield Village,01 8750271,http://www.freshthegoodfoodmarket.com
Fruitree,Wexford Street,,01 4751382,
Furniture Factory,161Capel Street,,01 8732071,
GAA Museum,Croke Park,,01 8192323,http://gaa.ie/museum
Gaiety Theatre,South King Street,,01 6771717,http://www.gaietytheatre.com
Gallery Number One,1 Castle Street,,01 4789090,http://www.gallerynumberone.com
Games Workshop,3 Lower Liffey Street,,01 8725791,
GameStop,12 Liffey Street Lower,,01 8724305,http://www.gamestop.ie
GameStop,Ground Floor,St. Stephens Green Shopping Centre,01 4784010,http://www.gamestop.ie
Gas and Electric,12 Lower Camden Street,,01 4751505,
Gas Company,31 Capel Street,,1890 818918,http://www.thegascompany.ie
General Post Office, Lower O'Connell Street ,,01 7057000,http://www.anpost.ie
George,89 South Great George's Street,,01 4782983,
George Dance Bar,89 South Great George's Street,,01  4782983,
George Frederic Handel Hotel,16-18 Fishamble Street,,01 6709400,http://www.handelshotel.com
Georges Street Pharmacy,24 South Great Georges Street,,01 6770804,
Georgian Fare,14 Lower Baggot Street,,01 6767736,
Gerards,Busaras,Store Street,,http://www.gerardsdeli.com
Gerry Duffy's Choice Meats,Unit 6 Park Shopping Centre,,01 8385869,
Gerry Keane,13-14 Talbot Street,,01 8724119,http://www.gerrykeane.ie
Gill's Mini Market,2-4 Old Cabra Road,,01 8380591,
Go - West,15 Wexford Street,,01 4753456,
Golden Discs,Ground Floor,St. Stephens Green Shopping Centre,01 4782918,http://www.goldendiscs.ie
Golden Discs,Jervis Street Shopping Centre,Mary Street,01 8781063,http://www.goldendiscs.ie
Goodwins,134 Capel Street,,01 8730846,
Grafton Crafts,34 Grafton Street,,01 6708864,
Great Mobile Accessories Shop,2a Talbot Street,,0864 068187,
Great Outdoors,Chatham House,Chatham Street,01 6794293,http://www.greatoutdoors.ie
Green Gallery,Second Floor,St. Stephens Green Shopping Centre,01 4783122,http://www.greengallery.ie
Greens Discount Jewellers,9 Aungier Street,,01 4751973,http://www.ryanscelticgold.com
Gresham Hotel,Upper O'Connell Street,,01 8787699,http://www.gresham-hotels.com/htm/Dublin/
Guess,22-23 South Anne Street,,01 6750458,
Guiness Storehouse,St. James's Gate,,01 4084800,http://www.guiness.com
Guineys & Co,79-80 Talbot Street,,01 8788835,
H Danker,10 South Anne Street,,01 6774009,http://www.hdanker.com
H H Design,60 Dawson Street,,01 6777077,
H. W Computer Systems,117 Capel Street,,01 8749034,
H.Samuel,1 Henry Street,,01 8733516,http://www.hsamuel.co.uk
Hackett,21-26 South Anne Street,,01 6770429,http://www.hackett.com
Hackett's Bookmakers,79 Dame Street,,01 6775104,
Hairspray,30 Wicklow Street,,01 6339004,http://www.hairspray.ie
Hairspray,67 Dame Street,,01 6708924,http://www.hairspray.ie
Hall Cameras, 95 Talbot Street,,01 8788332,http://www.hallcameras.ie
Hamilton Long,5 Lower O'Connell Street,,01 8748456,
Han Yang Asian Food Store,22 Great Strand Street,,01 8874405,http://www.hanyang.ie
Hanlon's Corner,189 North Circular Road,,01 8102054,http://www.hanlons.ie
Harding Hotel,Fishamble Street,,01 6796500,http://www.hardinghotel.ie
Hardware Home Centre,5 Pembroke Street Lower,,01 6763384,
Hassett and Fitzsimons,61-63 Dame Street,,01 6773591,
Havana Tapas Bar,South Great Georges Street,,01 4005990,http://www.havana.ie
Health Express Pharmacy,26-30 Upper Abbey Street,,01 8727522,http://www.healthexpress.ie
Health Matters,8 Grafton Street,,01 6710166,
Hearing Healthcare,60 Capel Street,,01 8726893,
Hemp Company,167 Capel Street,,01 8748515,http://www.hempcompany.ie
Herbal Inn,First Floor,St. Stephens Shopping Centre,01 4789387,http://www.herbal-inn.com
Herbs and Acupuncture,41 Henry Street,,01 8747998,http://www.herbmedic.co.uk
Herbs and Acupuncture,45 Grafton Street,,01 6718162,
Heuston Station,St. John's Road West,,01 7033299,http://www.irishrail.ie
Hibernian,142/143 Lower Baggot Street,,01 6078880,http://www.hibernian.ie
Hickey's Pharmacy,21 Grafton Street,,01 6790467,http://www.hickeyspharmacies.ie/
Hickey's Pharmacy,55 Lower O'Connell Street,,01 8730427,http://www.hickeyspharmacies.ie
Hickey's Pharmacy,6 Post Office Building,Henry Street,01 8731077,http://www.hickeyspharmacies.ie/
Hidden Hearing,49 Abbey Street Middle,,01 8721985,http://www.hiddenhearing.ie
HMV,65 Grafton Street,,01 6795334,http://www.hmv.com
H'N'H Kitchens and Bedrooms,20 Aungier Street,,01 4754536,
Hodges Figgis,56-58 Dawson Street,,01 6774754,
Hogan's,35-37 South Great Georges Street,,01 6775904,
Hogan's Butchers,30 Wexford Street,,01 4753187,
Holland and Barrett,First Floor,St. Stephens Shopping Centre,01 4780165,http://www.hollandandbarrett.com
Home & Abroad,1  Wexford Street,,01 4751177,http://www.homeandabroad.ie
Home Stores,6 Jervis Street,,01 8726728,http://www.home-stores.net
Horizon Internet Cafe,38 Aungier Street,,086 3448777,
House of Astrology,9 Parliament Street,,01 6793404,http://www.houseofastrology.net
House of Astrology,9 Parliament Street,,01 6793404,http://www.houseofastrology.net/
House of Cards,Ground Floor,St. Stephens Green Shopping Centre,01 4783662,
House of Colour,64 Abbey Street Middle,,01 8783633,http://www.houseofcolour.ie
House of Ireland,Nassau and Dawson Street,,01 6711111,http://www.houseofireland.com
HPJ Jewellers,27 Henry Street,,01 8740368,http://www.hpj-jewellers.co.uk
HPJ Jewellers,6 Talbot Street,,01 8747411,http://www.hpj-jewellers.co.uk
Hughes & Hughes,Ground Floor,St. Stephens Green Shopping Centre,01 4783060,http://www.hughesbooks.com
Hungarian Specialities,6 Ryders Row,,01 8788469,
Hunt Jewellers,Ground Floor,St. Stephens Green Shopping Centre,01 4785336,http://www.huntjewellers.ie
Hysteria Alt-Clothing,16 Bachelors Walk,,01 8148970,http://www.myspace.com/hysteria_alt_clothing
I Pod Cybercafe,72 Capel Street,,01 8656932,
Ink Plus,34a  Wexford Street,,01 4751000,
Inreda,71 Lower Camden Street,,01 4760362,http://www.inreda.ie
Insomnia,Upper Abbey Street,Millennium Walk,01 8780144,
Instrumental,17 Bachelors Walk,,01 8720233,
International Bar,23 Wicklow Street,,01 6779250,
International House Dublin,66 Lower Camden Street,,01 4759013,http://www.ihdublin.com
Intimate Lingerie,College Close,Tara Street,01 6771010,http://www.intimate-linger.ie
Irish Cancer Society,156 Capel Street,,01 8726838,
Irish Cancer Society,69 Lower Camden Street,,01 4750811,
Irish Celtic Craftshop,10-12 Lord Edward Street,,01 6799912,http://www.celticirishcrafts.com
Irish Church Missions Book Shop,28 Bachelor's Walk,,01 8730829,
Irish Film Institute,6 Eustace Street,,01 6795744,http://www.irishfilm.ie
Irish Jewel,7 Royal Hibernian Way,Dawson Street,01 6777161,http://www.irishjewel.com
Irish Nationwide,1 Lower O'Connell Street,,01 8782780,http://www.irish-nationwide.com
Irish Rubies Ltd,78 Marlborough Street,,01 8742047,
Jacobs Inn,21-28 Talbot Place,,01 8555660,http://www.isaacs.ie
Jaipur,41 South Great Georges Street,,01 6770999,http://www.jaipur.ie
Jaycee Quickprint,9-10 Bachelor's Walk,,01 8780060,http://www.jaycee.ie
Jean Scene,Jervis Street Shopping Centre,Mary Street,01 8781303,
Jervis Medical Centre,Jervis Street,,01 8735959,
Jervis Street Shopping Centre,Mary Street,,01 8781323,http://www.jervis.ie
JJ Fox Ltd,119 Grafton Street,,01 6770533,http://www.jjfox.ie
Joe Walsh Tours,69 Upper O'Connell Street,,01 8722555,http://www.joewalshtours.ie
John Brereton,29 Lower O'Connell Street,,01 8787311,http://www.johnbreretonjewellers.ie/
John David Sports,43-44 Mary Street,,01 8726393,http://www.jdsports.co.uk
John Farrington Antiques,32 Drury Street,,01 671899,
John J. Fogarty Bookmakers,6 Aungier Street,,01 4780055,
John Kehoe,9 South Anne Street,,01 6778312,
John P. Younge Auctioneers Ltd,35 Pembroke Street Lower,,01 6618428,
John's Cleaners 2,1 Terminus Mills,Clonskeagh Road,,
Joseph Kramer,25 Wicklow Street,,01 6719107,
Joy of Cha,10 East Essex Street,,01 6793393,
Julien,First Floor,St. Stephens Shopping Centre,01 475 1144,
Jump Juice,2-3 Merchant Arch,,01 6710058,
Juna Berry,Unit 2,30 Lower Ormond Quay,01 8748909,
Jupiter,First Floor,St. Stephens Shopping Centre,01 4783101,
Jurys Inn,Christchurch Place,,01 4540000,http://www.jurysinns.com
Jurys Inn,Custom House Quay,,01 8541500,http://www.jurysinns.com
Jurys Inn,Parnell Street,,01 8784900,http://www.jurysinns.com
Just Cuts,2 Bachelor's Walk,,18728401,http://www.justcuts.ie/
K2,101 Talbot Street,,01 8741717,
Kavanagh's Art Graphics,64 Lower Camden Street,,01 4783804,
Kavanagh's Costcutter Express,70 Aungier Street,,01 4189712,
Kavanagh's Newsagents,10 Aungier Street,,01 4752733,
Kelly Gunning Estate Agents,Clanbrassil Street Upper,Leonard's Corner,01 4983718,http://www.kellygunning.com
Kevin Street Library,18 Lower Kevin Street,,01 4753794,http://www.dublincitypubliclibraries.ie
Kids Foot Locker,28 Henry Street,,01 8727293,http://www.footlocker.ie
Koh,7-8a Jervis Street,Millennium Walkway,01 8146777,
Koreana ,Unit 4 Stewart Hall,Ryders Row,01 8735290,
Korky's,4 Post Office Building,Henry Street,01 8731359,
La Senza ,43 Grafton Street,,01 7079842,http://www.lasenza.co.uk
Ladbrokes,73 Abbey Street Middle,,01 800 200539,http://www.ladbrokes.com
Ladbrokes,8 Chatham Street,,01 4036500,http://www.ladbrokes.com
Langkawi,46 Upper Baggot Street,,01 6682760,
Laptop Lab,77 Aungier Street,,01 4757177,
Larry Murphy's,43-44 Lower Baggot Street,,01 6624561,
Laser Specialist DVD Store,23 South Great Georges Street,,01 6711466,
Laughter Lounge,4-8 Eden Quay,Dublin 1,01 8148947,www.laughterlounge.com
Laura Ashley,60-61 Grafton Street,,01 6330056,http://www.lauraashley.com
Lazer Image,Parnell Mall,Ilac Centre,01 8732998,http://www.thomasgear.com
Lemonjelly,Unit 11 Millennium Walk,Jervis Street,01 8735161,
Leonard's Cafe Bar,117 South Circular Road,,01 4542332,
Leonard's Corner Pharmacy,106 South Circular Road,,01 4534282,
Leonard's Corner Post Office,66 Clanbrassil Street Upper,,01 4543692,http://www.anpost.ie
Leonidas,16 Royal Hibernian Way,Dawson Street,01 6795915,
Lifestyle Sports,40 Mary Street,,01 8044125,http://www.lifestylesports.com
Lifestyle Sports,Ground Floor,St. Stephens Green Shopping Centre,01 4783366,http://www.lifestylesports.com
Lighting Emporium,60 Lower Camden Street,,01 4782761,
Ligne Roset,Exchange Street Upper,,01 6706677,
Lir Coins,Georges Street Arcade,,0876 826045,
Lisney,24 Stephens Green,,01 6382700,http://www.lisney.com
Listons,25-26 Lower Camden Street,,01 4054779,
L'Occitane En Provence,15 Wicklow Street,,01 8892575,http://www.loccitane.com/
Londis,82 South Circular Road,,,
Londis,Chancery Hall,Chancery Street,01 8772055,
Londis Foodhall,47-48 Lower Baggot Street,,01 6624354,
Louis Copeland & Sons - Casual Wear,18-19 Wicklow Street,,01 6777038,
Louis Copeland & Sons - Suit Wear,18-19 Wicklow Street,,01 6777038,
Loulerie,Chatham Street,,01 6724024,http://www.loulerie.ie
Lush,33 Henry Street,,01 8735735,http://www.lush.co.uk
Lynham Insurance,10  Wexford Street,,01 4722255,
M and D Coffee,6 George's Street Arcade,,0857 660755,http://www.coffeetea.ie
Mac Nally Opticians,Hughenot House,35-38 St Stephens Green,01 6769452,
MacDonald Cycles Ltd,38-39 Wexford Street,,01 4752586,
Mad Hatter,20 Lower Stephen Street,,01 4054936,
Magee,28 Wicklow Street,,01 6795795,
Mamma's Pizza,62 Talbot Street,,01 8559549,
Manhattan Beauty & Med Spa,42 Aungier Street,,01 4788888,
Mao Cafe Bar,2-3 Chatham Row,,01 6704899,
Maple Parmacy,Unit 3 The Maple Centre,Navan Road,01 8823323,
Maplin Electronics,The Smiths Building ,Jervis Street,01 8782388,http://www.maplin.co.uk
Marcus,Jervis Street Shopping Centre,Mary Street,01 8729515,http://www.marcus.eu
Market Arcade,South Great Georges Street,,01 2836077,
Market Bar,Fade Street,,01 6139094,http://www.marketbar.com
Markievicz Recreation Centre,Townsend Street,,01 6729121,
Marks and Spencer,15-20 Grafton Street,,01 6797855,http://www.marksandspencer.com
Marks and Spencer,Mary Street,,01 8728833,http://www.marksandspencer.com
Marlowe Cleaners,90 South Great George's Street,,01 6796982,
Massimo,14 Royal Hibernian Way,Dawson Street,01 6792394,
Massive Golf Sale,18 Royal Hibernian Way,Dawson Street,01 6336532,
McDonald's,2 Grafton Street,,01 6778393,http://www.mcdonalds.ie
McDonald's,50 Lower O'Connell Street,,01 8720050,http://www.mcdonalds.ie
McDonald's,Maple Centre,Navan Road,01 8687271,http://www.mcdonalds.ie
McDowells,3 Upper O'Connell Street,,01 8744961,
McDowell's Jewellers,3 Upper O'Connell Street,,01 8744961,http://www.mcdowellsjewellers.com
McQuillan Tools,34-36 Capel Street,,01 8733944,
Medical Centre ,11 Parliament Street,,01 6706060,
Medipharm,16 South Great Georges Street,,01 6719765,http://www.medipharm.ie
Medipharm,16 South Great Georges Street,,01 6719765,http://www.medipharm.ie
Mega Bikes,3-4 Wexford Street,,01 4784200,
Mercantile Bar & Grill,28 Dame Street,,01 6707100,
Mercer Hotel,Lower Mercer Street,,01 4782179,http://www.mercergroup.ie
Meteor,13 North Earl Street,,01 8148020,http://www.meteor.ie
Meteor ,34 Henry Street,,01 8731491,http://www.meteor.ie
Meteor ,66 Parnell Mall,Ilac centre,01 8047222,http://www.meteor.ie
Meteor Mobile Communications,24 Grafton Street,,01 6040249,
Metzo,65 Aungier Street,,01 6239288,http://www.eganhospitality.com
Mews,26 Royal Hibernian Way,Dawson Street,01 6778670,
Michael Guineys,11 - 12 North Earl Street,,01 8724377,http://www.michaelguiney.com
Michael Guineys,83 Talbot Street,,01 8747221,http://www.michaelguiney.com/
Michael Guineys,93 Talbot Street,,01 8724377,http://www.michaelguiney.com/
Michael Rock,73 Grafton Street,,01 6139910,http://www.rocks.ie
Mike's Cakes,61 Bolton Street,,,
Millets,61 - 62 Mary Street,,01 8733571,http://www.gelert.com
Miss Selfridge,Jervis Street Shopping Centre,Mary Street,01 8781016,http://www.missselfridge.com
Mobilia,14 South Great Georges Street,,01 6779844,http://www.mobilia.ie
Moi & Toi,105 Talbot Street,,01 8746270,
Molton Brown,21 Wicklow Street,,01 6799504,http://www.moltonbrown.co.uk
Mona Lisa,16a D'Olier Chamber,D'Olier Street,01 6770499,http://www.monalisabistro.com
Monaghans,4-6 Royal Hibernian Way,Dawson Street,01 6794451 / 6770823,
Monica John,1 South Anne Street,,01 6790045,
Monsoon,64 Grafton Street,,01 6139059,http://www.monsoon.co.uk
Morrisey's Butchers,12a Wexford Street,,01 4715561,
Mothercare,Ground Floor,St. Stephens Green Shopping Centre,01 4784755,http://www.mothercare.ie
Mothercare,Jervis Street Shopping Centre,Mary Street,01 8781184,http://www.mothercare.ie
Motion Picture,19 Central Mall,Ilac Centre,01 8722970,
Motion Picture,First Floor,St. Stephens Shopping Centre,01 4783387,
Motion Picture,Ground Floor,St. Stephens Green Shopping Centre,01 4783326,
Mr Mobile,2 Clanbrassil Street Upper,,01 4544760,http://www.mrmobile.ie
Mullen Sports,42 Capel Street,,01 8726740,http://www.mullensports.com
Munchies,146a Lower Baggot Street,,01 6619168,
Murrays,33-34 Upper O'Connell Street,,01 8787505,http://www.murraysbar.eu
Music Centre,The Button Factory,Curved Street,01 6709202,
N 2,39 Moore Mall,Ilac centre,01 8727390,
National Bible Society,41 Dawson Street,,01 6773272,http://www.biblesociety.ie
National Gallery of Ireland,Merrion Square,,01 6615133,http://www.nationalgallery.ie
National Irish Bank,138 Lower Baggot Street,,01 4840700,http://www.nationalirishbank.ie
National Irish Bank,98 South Circular Road,,01 4840050,http://www.nationalirishbank.ie
Neary's,1 Chatham Street,,01 6778596,
Nelsons Homeopathic Dispensary,15 Duke Street,,01 6790451,
Network Village Cafe,33  Wexford Street,,,
News Rail,1 - 2 Eden Quay,,01 8741772,
Newsvalue,Unit 10 Park Shopping Centre,Prussia Street,01 8385690,
Next,Jervis Street Shopping Centre,Mary Street,01 8781406,http://www.nextdirectory.ie
Nice-One,95 Parnell Street,,01 8729394,
Nijou,23 Royal Hibernian Way,,01 6334306,
Nike,40 Grafton Street,,01 6795794,http://www.nike.com
Noone Furniture,36 Talbot Street,,01 8556731,
Nourish,1 G.P.O. Arcade,Henry Street,01 8743290,http://www.nourish.ie/
Nourish,16 Wicklow Street,,01 6703223,http://www.nourish.ie
Nourish,6  Lower Liffey Street,,01 8734098,http://www.nourish.ie/
Nue Blue Eriu,7 South William Street,,01 6725776,
O2 Experience,52 Henry Street,,18782200,http://www.o2.ie
O2 Store,30 Mary Street,,01 8744027,http://www.o2.ie
O2 Store,5 Post Office Building,Henry Street,01 8779000,http://www.o2.ie
Oasis,44 - 45 Henry Street,,01 8730876,http://www.oasis-stores.com
OB1,4 Moores Mall,Ilac Centre,01 8733646,
O'Briens,6 The Maple Centre,Navan Road,01 8384864,http://www.obriensonline.com
O'Briens,Ground Floor,St. Stephens Green Shopping Centre,01 4782645,http://www.obriensonline.com
O'Briens Hardware,66 Talbot Street,,01 8740677,
O'Callaghan Stephen's Green Hotel,St Stephen's Green,,01 4173000,http://www.ocallaghanhotels.com
Ocean Mortgages,Finance House,46 Prussia Street,01 8693400,http://www.oceanmortgages.ie
O'Connors Workwear,148 Capel Street,,01 8733242,
O'Donoghue's,15 Merrion Row,,01 6762807,http://www.odonoghuesbar.com
Office Centre,70 Abbey Street Middle,,01 8749411,
O'Hara's Pharmacy,16 Redmans Hill,Aungier Street,01 4760680,http://www.oharas.ie
O'Hara's Pharmacy,16 Redmonds Hill,,01 4760680,http://www.oharas.ie
Olesya's Wine Bar,18 Exchequer Street,,01 6724087,http://www.olesyaswinebar.com/
Olio Cafe and Shop,17 Camden Street,,01 4759641,
Olivia's Hair Salon,35  Wexford Street,,01 4053993,
Om Diva,21-22 Market Arcade,,01 6334611,
Onboard,Creation Arcade,20a Duke Lane,01 6728767,http://www.onboard.ie
Optica,2 Royal Hibernian Way,Duke Lane,01 6774705,http://www.optica.ie
Opus II Music Shop,South Great Georges Street,,01 6778571,
O'Sullivans,14-15 Camden Street,,01 4789460,http://www.osullivangraphics.com
Oswoldo's Bistro,30 Lower Clanbrassil Street,,01 4735921,
Oval Displace,17 Redmans Hill,Aungier Street,01 4752511,
Oxfam,Unit 2 Wicklow House,South Great George's Street,01 4780777,http://www.oxfam.org
Oxfam Ireland,2 Wicklow House,Georges Street,01 4780777,http://www.oxfamireland.org
P & K Cycles,Patrick Street,,01 4734002,
Paco,Ground Floor,St. Stephens Green Shopping Centre,01 4757389,http://www.paco-on-line.ie
Paddy Power,2 Greeg Court,Parnell Street,1 800 721 822,http://www.paddypower.com
Paddy Power,3 Moore Street,,1 800 721 822,http://www.paddypower.com
Paddy Power,41 Abbey Street Middle,,01 4045900,http://www.paddypower.com
Pamela Scott,84-85 Grafton Street,,01 6796655,
Pan TV,68 Lower Camden Street,,01 4784244,
Paramount Hotel,Parliament Street and Essex Street,,01 4179900,http://www.paramounthotel.ie
Park Pharmacy,Unit 2 Park Shopping Centre,Prussia Street,01 8388104,
Parks Hair and Beauty Salon,128 Church Street,,01 8741055,
Past Times,14 Wicklow Street,,01 6717477,http://www.past-times.com
Patagonia,24-26 Exchequer Street,,01 6705748,http://www.patagonia.com
Patrick Street Pharmacy,7 Ardilaun Court,Patrick Street,01 4544897,
Patrick. F. O'Reilly & Co,9-10 South Great George's Street,,01 6793565,
Paul Browne Travel,Park Shopping Centre,Prussia Street,01 8386766,
Paul's Paint Store,44 Prussia Street,,01 8381977,
Peaches and Cream,24 Royal Hibernian Way,Dawson Street,01 6708804,http://www.peachesandcream.ie
Peakin Meat Specialists,112 South Circular Road,,01 4535782,
Penneys,47 Mary Street,,01 8727788,http://www.primark.ie
Penneys,Lower O'Connell Street,,01 656666,http://www.primark.ie
Penny Farthing Cycles Ltd,82 Lower Camden Street,,01 4780174,
Penthouse,Jervis Street Shopping Centre,Mary Street,01 8782222,
Pepe Jeans,30 Exchequer Street,,01 6727040,
Perfume Direct,Ground Floor,St. Stephens Green Shopping Centre,01 4758027,
Perigot,17 Royal Hibernian Way,Dawson Street,01 6169835,
Persona,9 Lemon Street,,01 6337352,
Peter Mark,11a Upper O'Connell Street,,01 8745589,http://www.petermark.ie
Peter Mark,18 North Earl Street,,01 8786663,http://www.petermark.ie/
Peter Mark,First Floor,St. Stephens Shopping Centre,01 4780404,http://www.petermark.ie
Peter Mark,Ilac Centre,,01 8725986,http://www.petermark.ie/
Petland,10 Lower Camden Street,,01 4782850,
Pharmacy O'Regan,36a Talbot Street,,01 8555396,
Phoenix Park Visitor Centre,Phoenix Park,,01 6770095,http://www.heritageireland.ie
Pig and Heifer,2 Charlotte Way ,,01 4783182,
Pine Trading Co,58 Capel Street,,01 8720091,
Pinheads Pizza!,104 South Circular Road,,01 4531432,
Pixels ,148 Lower Baggot Street,,01 6789644,
Pixels Camera Shop,34 South Anne Street,,01 6791176,http://www.pixels.ie
Points and Plugs,Unit 1 Park Shopping Centre,Prussia Street,01 8389390,
Polsmak,27 Capel Street,,0871 205828,
Post,St. Andrew Street,,1850 575858,http://www.anpost.ie
Potrero Hill,7 Royal Hibernian Way,Dawson Street,01 6330133,http://www.potrerohill-shop.com
Pravda,Lower Liffey Street,,01 8740090,http://www.pravda.ie
Print Bureau,27 Pembroke Street Lower,,01 6620222,http://www.printbureau.ie
Printing.com,Unit 3 Drury Hall,Lower Stephen Street,01 4054775,http://www.printing.com
Pronta Print,Unit 6 Castle House,South Great George's Street,01 4753622,http://www.prontaprint.com
Purty Kitchen,34-35 East Essex Street,Temple Bar,01 6770945,http://www.purtykitchen.com
Queen Beauty Emporium,66-67 Aungier Street,,01 4789633,http://www.queenbe.ie
Queen of Tarts,Dame Street,,01 6707499,
Quinn Direct Insurance,9 Lower O�Connell Street,,1850 771850,http://www.quinn-direct.com
Quiznos,2 North Earl Street,,01 8146230,
Radisson SAS Royal Hotel,Golden Lane,,01 8982900,http://www.radisson.com
Raidar,First Floor,St. Stephens Shopping Centre,01 4783221,
Rayhoon,8 Talbot Street,,01 8747901,http://www.rayhoon.ie
Renaissance,114-116 Capel Street,,01 8873809,
Respect,Park Shopping Centre,Prussia Street,01 8383988,http://www.respect.ie
Restore,67 Camden Street,,01 4759847,
Revenue Museum,Dublin Castle,,01 6777129,
Rhubarb Cafe,1 Pembroke Street Lower,,01 6767870,
Rhubarb Cafe,40 Lower Camden Street,,01 4518876,
Rhubarb Deli,1 Pembroke Street Lower,,01 6767870,
Rianour,24a Wicklow Street,,01 6778333,
Richard Alan,57 Grafton Street,,01 6168906,
Richard J Gough,24 Little Mary Street,,01 8731400,
Rick's Burgers,Dame Street,,,
Right Click,70 Lower Camden Street,,01 4759681,
River House Hotel,23-24 Eustace Street,Temple Bar,01 6707655,http://www.riverhousehotel.com
Road Records,16 B Fade Street,,01 6717340,http://www.roadrecs.com
Roasters Cafe,Jervis Street Shopping Centre,Mary Street,01 4685067,
Robert Elson Optometrists,Grafton Hall,33 Aungier Street,01 47527762,
Roberts Dry Cleaners,7 Park Shopping Centre,,01 8387704,
Ronan's,24 Eden Quey,,01 8747208,
Rong Xing,157 Parnell Street,,01 8146604,
Room,23 Aungier Street,,01 6798979,
Rory's Fish Tackle Shop,77a Temple Bar,,01 6772351,
Royal Dublin Hotel,O'Connell Street,,01 8733666,http://bestwestern.ie
Royal Pizza,11 Liffey Street Lower,,01 8724433,
Rush,65 South William Street,,01 6794376,
Sabotage,20 Exchequer Street,,01 6778713,
Salon,73-74 Patrick Street,,01 4164898,
Sam's Barbers,Dame Court,,01 6795788,
Sam's Barbers,Park Shopping Centre,Prussia Street,086 3955600,
Sasha,Ground Floor,St. Stephens Green Shopping Centre,01 4784579,http://www.sasha.ie
Savage,2 Blooms Lane,Italian Quarter,01 8733550,
Savills Hamilton Osborne King,20 Dawson Street,,01 6634300,http://www.savills.ie
Schuh,Jervis Street Shopping Centre,Mary Street,18730433,http://www.schuh.ie
Schuh - Ladies,47/48 O'Connell Street,,01 8723234,http://www.schuh.ie
Scruples,54 Talbot Street,,01 8365994,
Secret Book and Record Store,15a Wicklow Street,,01 6797272,
Shauna's,144 Capel Street,,01 8782863,
Sheepskin Shop,53 Central Mall,Ilac Centre,01 8729256,
Shelbourne Hotel,27 St Stephens Green,,01 6634500,http://theshelbourne.ie
Shoe Bar,90 South Great George's Street,,01 6796982,
Shoe Repairs,Unit 7 Park Shopping Centre,Prussia Street,01 8387704,
Shu Krazy,5 Talbot Street,,01 8726520,
Siam Thai Restaurant,14-15 St. Andrew Street,,01 6773363,http://www.siamthai.ie
Simon Hart,Mary Mall,Ilac Centre,01 8730722,
Simon's Place Coffee Shop,22 South Great Georges Street,,01 6797821,
Sisley,59 Grafton Street,,01 6728698,http://www.sisley.com
Size,26 Wicklow Street,,01 6771637,
Skunkfunk,Italian Quarter,Blooms Lane,01 8733561,http://www.skunkfunk.com
Skytours,107-109 Talbot Street,,01 8788200,http://www.skytours.ie
Skytours,75 Talbot Street,,01 8366677,http://www.skytours.ie
Smiles Orthodontics,27 South Anne Street,,01 3355555,http://www.smiles.ie
Smiles Orthodontics,4 South Anne Street,,01 6728939,http://www.smiles.ie
Smock Alley Cafe,3-4 Smock Alley Court,West Essex Street,0876 485390,
Smyth O'Brien Hegarty Solicitors,24 Lower Abbey Street,,01 8788674,
Smyth O'Brien Hegarty Solicitors,24 Lower Abbey Street,,01 8788674,http://www.sobh.ie
Smyths Toys,Jervis Street,,01 8782878,http://www.smyths.com
Soccer Shop,1 Wicklow House,Georges Street,01 4757810,http://www.thesoccershop.ie
Soccer Shop,Unit 1 Wicklow House,South Great George's Street,01 4751810,http://www.thesoccershop.ie/
Soco Cafe,1a Pembroke Street Lower,,086 6494718,
Sofas & Sofas,113 Capel Street,,01 8734214,http://www.sofasandsofas.com
Solo ,21 Wexford Street,,01 4755335,
Sony Centre,17 Lower O'Connell Street,,01 8731512,http://www.sony.ie
Sony Centre,35 St Stephens Green,,01 6620007,http://www.sony.ie
Sounds Around,9 Capel Street,,01 8722009,http://www.soundsaround.ie
South Circular Pharmacy,80 South Circular Road,,01 4537069,
South Street Cafe & Restaurant,South Great George's Street,,01 4758971,
South William Street Pharmacy,38 South William Street ,,01 6771966,
Spar,10 Parliament Street,,01 6705959,http://www.spar.ie
Spar,108 Cumberland Street,,01 8897574,http://www.spar.ie
Spar,129-132 Upper Abbey Street,,01 8734315,http://www.spar.ie
Spar,13 South Circular Road,,01 4543061,http://www.spar.ie
Spar,21-24 Capel Street,,01 8733802,http://www.spar.ie
Spar,44-45 Bolten Street,,01 8788243,http://www.spar.ie
Spar,50 Talbot Street,,01 8365102,http://www.spar.ie
Spar,70-72 Talbot Street,,01 8878407,http://www.spar.ie/
Spar,8 Lower Liffey Street,,01 8720694,http://www.spar.ie/
Spar,9a Lower Abbey Street,,01 8740817,
Spar,9a Lower Abbey Street,,01 8740817,http://www.spar.ie/
Spar,Trinity Plaza,Tara Street,01 6719383,
Spar,Unit 5 The Maple Centre,Navan Road,01 8687296,http://www.spar.ie
Spectacle Parade Opticians,24 Stephen Street Lower,,01 4005000,http://www.spectacleparade.ie
Spectra Photo,110 Lower Grafton Street,,01 6770338,http://www.spectra.ie
Sportsmith,8 Cathedral Street,,01 8731622,
St. Stephens Green Shopping Centre,St. Stephens Green,,01 4780888,http://www.stephensgreen.com
Stag's Head,1 Dame Court,,01 6793687,
Starbucks Coffee,Unit 1 Harcourt Buildings,Harcourt Street,01 4110390,http://www.starbucks.ie
Stephanie's Cafe and Restaurant,111 South Circular Road,,876314370,
Stradivarius,Jervis Street Shopping Centre,Mary Street,01 8656218,http://www.stradivarius.es
Subway,7 Wexford Street,,01 4053609,http://www.subway.ie
Subway ,Smithfield Village,,01 8746429,http://www.subway.co.uk
Sunway Travel,63 Mary Street,,01 8728055,http://www.sunway.ie
Super Value,27-32 Talbot Street,,01 8560927,
Sushi King,146 Baggot Street Lower,,01 6449836,
Swamp,Ground Floor,St. Stephens Green Shopping Centre,01 784256,
Swan,Aungier Street,,01 4752722,
Swarovski,3 Post Office Building,Henry Street,01 8788668,http://www.swarovski.com
T Bear + Co,Ground Floor,St. Stephens Green Shopping Centre,01 4781139,http://www.tbearco.com
T M Lewin,32-33 South Anne Street,,01 6359781,http://www.tmlewin.co.uk
T. Clifford Antiques,80 Aungier Street,,087 2365095,
T. P. Smiths,9-10 Jervis Street,,01 8724031,
Talbot Dance Centre,63 Talbot Street,,01 8557008,http://www.talbotdance.ie
Talbot Off Licence,33 Talbot Street,,01 8558185,
Tara Street Station,Tara Street,,01 8880132,http://www.irishrail.ie
Taste of India,32 Parliament Street,,01 6776873,http://www.tasteofindia.ie
Tea Time Express,Irish Mall,,01 8729955,
Techniques Hair Salon,42 Aungier Street,,01 4789583,
Temple Bar Pharmacy,21 Essex Street East,Temple Bar,01 6709751,
Temple Bar Trading Company,43-44 Temple Bar,,01 6703527,
Terrisales Hairdressing Services,71 Abbey Street Middle,,01 8724700,http://www.terrisales.ie
Terry Rogers Bookmakers,6-8 Old Cabra Road,,,http://www.terryrogers.ie
Tesco,Park Shopping Centre,Prussia Street,01 8384433,http://www.tesco.ie
Tesco Express,41 Camden Street,,01 4786106,http://www.tesco.ie
Tesco Express,Talbot Road,,01 8870980,http://www.tesco.ie
Tesco Ireland,15-16 Lower Baggot Street,,01 6761253,http://www.tesco.ie
The Philips Shop,19-22 Dame Street,,01 4740788,http://www.tvs.ie
Therapie,Molesworth Street,,01 4721222,http://www.therapie.ie
Thesis Centre Ltd,65 Lower Camden Street,,01 4753616,http://www.thesiscentre.com
Thomas Cook,118 Grafton Street,,01 6128512,http://www.thomascook.com
Thomas Gear Jewellers,72 Parnell Mall,Ilac Centre,01 8732998,http://www.thomasgear.com
Thomas Kinkade,Creation Arcade,Duke Lane,01 6336883,
Thomas Lenehan & Co Ltd,125 Capel Street,,01 8730466,
Thomas Patrick,77 Grafton Street,,01 6713866,
Thorntons,Ground Floor,St. Stephens Green Shopping Centre,01 4759461,http://www.thorntons.co.uk
Thorntons,Jervis Street Shopping Centre,Mary Street,01 8783319,http://www.thorntons.co.uk
Three Castles Jewellers,Castle House,Georges Street,01 8788729,
Threestore,46 Grafton Street,,01 6718239,
Tie Rack,35 Grafton Street,,01 6711581,
Tie Rack,Ground Floor,St. Stephens Green Shopping Centre,01 4781928,http://www.tie-rack.co.uk
Tierneys Gift Shop,Parnell Mall,Ilac Centre,01 8723211,http://www.tierneysgifts.com
Tiffins Sandwich Bar,4 Molesworth Place,,01 6761040,
Timpson,First Floor,St. Stephens Shopping Centre,01 4781068,http://www.timpson.com
Timpson,Parnell Mall,Ilac Centre,01 8723037,http://www.timpson.com/
TK Maxx,First Floor,St. Stephens Shopping Centre,01 4757080,http://www.tkmaxx.com
Toni & Guy,52 Dame Street,,01 6708745,http://www.toniandguy.ie
Tony Quinn,Ground Floor,St. Stephens Green Shopping Centre,01 4785404,http://www.tonyquinn.com
Toolz,137 Capel Street,,01 8732000,
Topman,Jervis Street Shopping Centre,Mary Street,01 8781016,http://www.topman.com
Topshop,Jervis Street Shopping Centre,Mary Street,01 8781016,http://www.topshop.com
Tour America,62/63 Abbey Street Middle,,01 8173500,http://www.touramerica.ie
Tourist Information and Bookings Office,Dublin Tourism Centre,St. Andrew's Church,1850 230330,http://www.visitdublin.com
Traditional Polish Bakery,85 Capel Street,,01 4089992,
Travel In Style,Moore Mall,Ilac Centre,,
Travelworld,76 Lower Camden Street,,01 4783611,
Treasures,Second Floor,St. Stephens Green Shopping Centre,01 4759789,
Tripod,The Old Railway Station Building,Harcourt Street,01 4759750,
T-Shirt Print,68 Parnell Mall,Ilac Centre,01 8728255,http://www.tshirtprint.co.uk
T-Shirt Print,First Floor,St. Stephens Shopping Centre,01 4782502,http://www.tshirtprint.co.uk
Turk's Head Chop House,Parliament Street ,,01 4179900,
Tuthills,13 Royal Hibernian Way,Dawson Street,01 6794956,
Unicorn,12b Merrion Row,,01 6788588,
Unique,Ground Floor,St. Stephens Green Shopping Centre,01 4782600,
United Colours of Benetton,Ground Floor,St. Stephens Green Shopping Centre,01 4781799,http://www.benetton.ie
Urban Eye Care,22 Bachelor's Walk,,01 8147080,http://www.urbaneyecare.ie
Urban Kids,First Floor,St. Stephens Shopping Centre,01 4759380,
Urbana Go Go,Upper Abbey Street,,,
Utopia,163 Capel Street,,01 8730980,
Valentino,First Floor,St. Stephens Shopping Centre,01 4781297,http://www.petermark.ie
Value4u,16 North Earl Street,,,
Velvet,31 Lower Ormond Quay,,01 8788940,http://www.velvetbeauty.ie
Veritas Company Ltd,7-8 Lower Abbey Street,,01 8788177,http://www.veritas.ie
Vero Monda,69 Grafton Street,,01 6715497,http://www.bestseller.com
Viking Splash Tours,64-65 Patrick Street,,01 7076000,http://www.vikingsplash.ie
Villlage Night Club,Wexford Street,,01 4758555,http://www.thevillagevenue.com
Vision Opticians,Jervis Street Shopping Centre,Mary Street,01 8781188,http://www.visionopticians.ie
Vodafone , 51 Henry Street,,01 8735020,http://www.vodafone.ie
Vodafone,3 Grafton Street,,01 6705205,http://www.vodafone.ie
Vodafone,32 Henry Street,,01 8731166,http://www.vodafone.ie
Vodafone,48 Grafton Street,,01 6705205,http://www.vodafone.ie
Wallis,104 Grafton Street,,01 6798349,http://www.wallis.co.uk/
Wallis,Mary Street,,01 8780440,http://www.wallis.co.uk
Waltons Music,69-70 South Great George's Street,,01 4750661,
Warehouse,37 Grafton Street,,01 6777719,
Wash House,12 Townsend Street,,01 6706530,
Watch Shop,61 Parnell Mall,Ilac Centre,01 8729612,
Watch Store,Jervis Street Shopping Centre,Mary Street,01 8781610,
Waterloo,26 Upper Baggot Street,,01 6600650,
Waterstones,7 Dawson Street,,01 6791415,http://www.waterstones.com
Waterstones,Jervis Street Shopping Centre,Mary Street,01 8781311,http://www.waterstones.com
Wawa Charity Shop,39 Aungier Street,,01 4759927,http://www.womensaid.ie
We Frame It,16 Dawson Street,,01 6770565,
Weir,39 Moores Mall,Ilac Centre,01 8729588,http://www.weirandsons.ie
Weir & Sons,1-3 Wicklow Street,,01 6779678,http://www.weirandsons.ie
West,33 Grafton Street,,01 6777275,
Westbrook Motors,89-90 Parnell Street,,01 8744000,http://www.westbrookmotors.com
Wexford Street Pharmacy,6 Wexford Street,,01 4750105,
Whelan's Off Licence,23-25 Wexford Street,,01 4752649,
Whetstone,24 South Anne Street,,01 6724727 / 6724728,http://www.whetstone.ie
Wild Cat Ink,3 Jervis Street,,01 8780551,
Wild Child Originals,61 South Great George's Street,,01 4755099,http://www.wildchildoriginals.com
William Hill,29 Wicklow Street,,00 4487051715,http://www.williamhill.com
William Hill,29-30 Dame Street,,00 448705181715,http://www.williamhill.com
William Kelly,63 Clanbrassil Street Upper,,01 4534113,
Work Wear,86 Capel Street,,01 8747872,
Xiaoyi Hair & Beauty Salon,83 Chapel Street,,01 8726900,
Xtra-vision,43 Prussia Street,,01 8380040,
Yellow Brick Road,8 Bachelor's Walk,,01 8730177,http://www.yellowbrickroad.ie
Zandiga,6-7 Upper Abbey Street,,01 8783881,
Zoo Hairstyling,25 Exchequer Street,,01 6125127,http://www.shaydempsey.tv
