Latitude,Longitude,Location,Crime type
54.59362,-5.972905,On or near Westrock Square,Anti-social behaviour
54.314793,-7.540681,On or near Cloghcor Lane,Anti-social behaviour
54.594328,-5.902666,On or near Stormount Lane,Anti-social behaviour
54.585967,-5.923238,On or near Ormeau Road,Anti-social behaviour
55.132131,-6.68812,On or near Carthall Manor,Anti-social behaviour
55.127802,-6.667489,On or near Mount Street Mews,Anti-social behaviour
54.589552,-5.933747,On or near Donegall Pass,Anti-social behaviour
55.016459,-7.350585,On or near Drumard Park,Anti-social behaviour
54.353908,-6.268918,On or near Lurgan Road,Anti-social behaviour
54.663003,-5.66799,On or near Main Street,Anti-social behaviour
54.601834,-5.941064,On or near Boundary Street,Anti-social behaviour
54.59248,-5.889919,On or near Hyndford Street,Anti-social behaviour
54.505777,-6.189289,On or near Wellington Parks,Anti-social behaviour
54.586251,-5.905294,On or near Millar Street,Anti-social behaviour
54.511059,-6.036695,On or near Hancock Street,Anti-social behaviour
54.754506,-5.999062,On or near Cameron Court,Anti-social behaviour
55.094651,-6.351682,On or near Fernbank Park,Anti-social behaviour
54.340481,-7.630614,On or near Derrychara Road,Anti-social behaviour
54.595937,-5.931412,On or near Howard Street,Anti-social behaviour
54.248125,-7.44648,On or near Trasna Way,Anti-social behaviour
54.352269,-6.283138,On or near Peggys Loaning,Anti-social behaviour
54.595067,-5.921522,On or near Friendly Street,Anti-social behaviour
54.859525,-6.279636,On or near Railway Street,Anti-social behaviour
54.505777,-6.189289,On or near Wellington Parks,Anti-social behaviour
54.712692,-5.814448,On or near Belfast Road,Anti-social behaviour
54.56039,-6.02647,On or near Glenwood Walk,Anti-social behaviour
54.444859,-6.36561,On or near Hillcrest Manor,Anti-social behaviour
54.592032,-5.797228,On or near Morven Park,Anti-social behaviour
54.347808,-7.647556,On or near The Brook,Anti-social behaviour
55.039108,-7.326428,On or near Lower Galliagh Road,Anti-social behaviour
54.662738,-5.926002,On or near Rathmore Drive,Anti-social behaviour
54.599458,-5.931852,On or near Bank Street,Anti-social behaviour
54.413003,-6.153869,On or near Banbridge Road,Anti-social behaviour
54.472713,-6.317958,On or near Belvedere Manor,Anti-social behaviour
54.718511,-6.212749,On or near Mount Oriel Court,Anti-social behaviour
54.869507,-6.268945,On or near Skerry Court,Anti-social behaviour
55.129973,-6.66969,On or near Society Street,Anti-social behaviour
54.328674,-5.707897,On or near Rathmore Park,Anti-social behaviour
55.128494,-6.669175,On or near Beresford Court,Anti-social behaviour
54.821412,-7.476326,On or near Lisnafin Park,Anti-social behaviour
54.564354,-6.019939,On or near Kestrel Grange,Anti-social behaviour
54.517433,-6.065948,On or near Thornleigh Drive,Anti-social behaviour
54.653334,-5.671675,On or near Abbey Park,Anti-social behaviour
54.185528,-6.362486,On or near Camlough Road,Anti-social behaviour
54.475192,-6.328239,On or near Desmond Avenue,Anti-social behaviour
54.564091,-6.033605,On or near Brians Well Road,Anti-social behaviour
54.7285,-6.213862,On or near Fort Green,Anti-social behaviour
54.343658,-6.667446,On or near Umgola Manor,Anti-social behaviour
54.588076,-5.904318,On or near Rosebery Gardens,Anti-social behaviour
54.840728,-6.661636,On or near King William Iii Crescent,Anti-social behaviour
54.570997,-5.928964,On or near Prince Edward Gardens,Anti-social behaviour
54.529506,-6.71069,On or near Bush Road,Anti-social behaviour
54.347735,-6.650306,On or near The Mall West,Anti-social behaviour
54.748868,-6.304616,On or near The Meadows,Anti-social behaviour
54.105143,-6.241764,On or near Well Road,Anti-social behaviour
54.573994,-5.905722,On or near Flush Park,Anti-social behaviour
54.706727,-6.536446,On or near Ashleigh Park,Anti-social behaviour
54.863445,-7.408427,On or near Leckpatrick Road,Anti-social behaviour
54.474365,-6.321716,On or near Lurgan Tarry,Anti-social behaviour
54.915179,-7.158906,On or near Barr Cregg,Anti-social behaviour
54.615446,-5.970844,On or near Somerdale Park,Anti-social behaviour
54.751512,-5.71196,On or near Victoria Avenue,Anti-social behaviour
54.760884,-6.004946,On or near Rashee Court,Anti-social behaviour
54.510639,-6.048497,On or near Market Place,Anti-social behaviour
54.826433,-7.465774,On or near Main Street,Anti-social behaviour
54.589437,-5.934882,On or near Donegall Road,Anti-social behaviour
54.662053,-5.644438,On or near Grove Park,Anti-social behaviour
54.862775,-5.84297,On or near Dromaine Drive,Anti-social behaviour
54.348623,-7.628588,On or near Irvinestown Road,Anti-social behaviour
54.645724,-5.692872,On or near Ballygowan Gardens,Anti-social behaviour
54.646814,-5.677021,On or near Cleland Park North,Anti-social behaviour
54.594424,-5.701252,On or near Regent Street,Anti-social behaviour
54.212198,-5.896897,On or near Shimna Mile,Anti-social behaviour
54.347029,-6.652236,On or near Scotch Street,Anti-social behaviour
54.321639,-5.699926,On or near Demesne Avenue,Anti-social behaviour
54.60326,-5.944057,On or near Dover Place,Anti-social behaviour
54.548173,-5.941481,On or near Old Milltown Road,Anti-social behaviour
54.327423,-5.718667,On or near ,Anti-social behaviour
54.102795,-6.247719,On or near Rossmara Park,Anti-social behaviour
54.58454,-5.923853,On or near ,Anti-social behaviour
54.857398,-5.832122,On or near Wyncairn Road,Anti-social behaviour
54.410813,-6.453976,On or near Mahon Close,Anti-social behaviour
54.258721,-6.562,On or near Gortcille,Anti-social behaviour
54.595615,-5.978794,On or near Springhill Close,Anti-social behaviour
54.761932,-6.237854,On or near Creevery Road,Anti-social behaviour
54.534725,-6.330981,On or near Derrymore Road,Anti-social behaviour
54.590423,-5.894063,On or near Brenda Street,Anti-social behaviour
54.594568,-5.934406,On or near Great Victoria Street,Anti-social behaviour
54.781992,-7.473463,On or near Seein Road,Anti-social behaviour
55.027169,-7.311758,On or near Drumleck Drive,Anti-social behaviour
54.460967,-5.444431,On or near New Road,Anti-social behaviour
54.615374,-5.94261,On or near ,Anti-social behaviour
54.718205,-7.235893,On or near Main Street,Anti-social behaviour
54.748868,-6.304616,On or near The Meadows,Anti-social behaviour
54.644423,-5.655978,On or near ,Anti-social behaviour
54.599424,-5.930446,On or near Royal Avenue,Anti-social behaviour
54.608485,-6.121239,On or near ,Anti-social behaviour
54.471108,-6.356064,On or near Kiln Lodge,Anti-social behaviour
54.502566,-6.772235,On or near Georges Street,Anti-social behaviour
54.859269,-6.277404,On or near Queen Street,Anti-social behaviour
54.421266,-6.467726,On or near Baltylum Meadows,Anti-social behaviour
54.675701,-6.003964,On or near Hydepark Manor,Anti-social behaviour
54.858759,-6.251839,On or near Staffa Drive,Anti-social behaviour
54.825632,-7.461568,On or near Barrack Street,Anti-social behaviour
54.849459,-6.275549,On or near Old Antrim Road,Anti-social behaviour
54.559257,-5.969431,On or near Malton Drive,Anti-social behaviour
55.022581,-7.321796,On or near Carnhill,Anti-social behaviour
54.472338,-5.688112,On or near The Beeches,Anti-social behaviour
54.071455,-5.98828,On or near Mourneview Park,Anti-social behaviour
54.662635,-5.91584,On or near Ardeen Avenue,Anti-social behaviour
54.59285,-5.904986,On or near Woodstock Road,Anti-social behaviour
55.126477,-6.646715,On or near ,Anti-social behaviour
54.42218,-6.447077,On or near West Street,Anti-social behaviour
55.042916,-6.932139,On or near Edenmore Park,Anti-social behaviour
54.538629,-6.698551,On or near Mourne Crescent,Anti-social behaviour
55.200364,-6.256296,On or near Leyland Road,Anti-social behaviour
54.753219,-6.610566,On or near Moneymore Road,Anti-social behaviour
54.589806,-5.954992,On or near Monarch Parade,Anti-social behaviour
54.405716,-5.647995,On or near Comber Road,Anti-social behaviour
54.401348,-7.369168,On or near Morrow Park,Anti-social behaviour
54.99685,-7.294168,On or near Abbeydale,Anti-social behaviour
54.729113,-5.800383,On or near Glynn Park Close,Anti-social behaviour
54.485959,-5.53489,On or near Boyd Avenue,Anti-social behaviour
54.610699,-6.19344,On or near Moira Road,Anti-social behaviour
54.754533,-6.613162,On or near Westland Gardens,Anti-social behaviour
54.542616,-6.013698,On or near Woodside,Anti-social behaviour
54.579297,-5.921474,On or near Derlett Street,Anti-social behaviour
54.759273,-5.707094,On or near Hillside Park,Anti-social behaviour
54.348653,-6.652798,On or near Jennys Row,Anti-social behaviour
54.873543,-6.274147,On or near Glenariff Crescent,Anti-social behaviour
54.503207,-6.754109,On or near Kalendra Court,Anti-social behaviour
54.877302,-6.632785,On or near Alexander Park,Anti-social behaviour
54.643282,-5.540061,On or near Moat Street,Anti-social behaviour
54.507043,-6.042847,On or near Crommelin Place,Anti-social behaviour
55.127644,-6.669486,On or near Terrace Row,Anti-social behaviour
54.892299,-6.202098,On or near Rathkeel Road,Anti-social behaviour
55.143719,-6.670676,On or near Cloonavin Green,Anti-social behaviour
54.988431,-7.289145,On or near Pelham Road,Anti-social behaviour
54.625191,-5.935533,On or near Skegoneill Avenue,Anti-social behaviour
54.602102,-5.925203,On or near Victoria Street,Anti-social behaviour
54.975389,-7.286314,On or near Milltown View,Anti-social behaviour
54.539631,-5.93162,On or near Ballycoan Road,Anti-social behaviour
54.749526,-6.318272,On or near Main Street,Anti-social behaviour
54.584353,-5.927064,On or near Rugby Avenue,Anti-social behaviour
54.327949,-5.713703,On or near ,Anti-social behaviour
54.34625,-5.652762,On or near ,Anti-social behaviour
54.173436,-6.342289,On or near Corn Market,Anti-social behaviour
54.606436,-5.93009,On or near Lancaster Street,Anti-social behaviour
54.896024,-7.348302,On or near Gortmellan Road,Anti-social behaviour
54.66337,-5.90689,On or near ,Anti-social behaviour
54.924905,-6.965294,On or near Knock Cullen,Anti-social behaviour
54.646299,-5.661448,On or near Skipperstone Drive,Anti-social behaviour
54.863586,-6.253873,On or near Stroma Drive,Anti-social behaviour
54.352881,-7.600589,On or near Lackaghboy Park,Anti-social behaviour
54.577978,-5.919515,On or near Rushfield Avenue,Anti-social behaviour
54.50404,-6.032199,On or near Landor Park,Anti-social behaviour
54.384368,-5.542171,On or near Marian Way,Anti-social behaviour
55.132495,-6.668697,On or near Church Lane,Anti-social behaviour
54.607309,-5.947041,On or near Charleville Street,Anti-social behaviour
54.989268,-6.217029,On or near Sunview Park,Anti-social behaviour
54.522868,-6.064749,On or near Killowen Park,Anti-social behaviour
55.179953,-6.710487,On or near Ardmore Drive,Anti-social behaviour
54.59053,-5.705788,On or near Circular Road,Anti-social behaviour
54.587857,-5.933895,On or near Lower Crescent,Anti-social behaviour
54.929276,-6.916434,On or near Ard Na Smoll,Anti-social behaviour
54.593355,-5.691332,On or near Frances Street,Anti-social behaviour
54.177462,-6.345605,On or near Monaghan Street,Anti-social behaviour
54.064657,-6.025392,On or near Abbey Park,Anti-social behaviour
55.039108,-7.326428,On or near Lower Galliagh Road,Anti-social behaviour
54.65141,-6.752087,On or near Millburn Close,Anti-social behaviour
54.474564,-6.231165,On or near Waringfield Avenue,Anti-social behaviour
54.638996,-5.838481,On or near Ean Hill,Anti-social behaviour
54.556172,-6.027849,On or near Bell Steele Road,Anti-social behaviour
54.850459,-5.814929,On or near Circular Road,Anti-social behaviour
54.594177,-5.933559,On or near ,Anti-social behaviour
54.586663,-5.932362,On or near India Street,Anti-social behaviour
54.860006,-6.271751,On or near Moat Road,Anti-social behaviour
54.6661,-5.665518,On or near Holborn Avenue,Anti-social behaviour
54.538814,-6.70488,On or near Dungannon Road,Anti-social behaviour
55.046192,-6.947322,On or near Benevenagh Drive,Anti-social behaviour
54.660862,-5.671616,On or near Central Avenue,Anti-social behaviour
54.7285,-6.213862,On or near Fort Green,Anti-social behaviour
54.592287,-5.893286,On or near Foxglove Street,Anti-social behaviour
54.161571,-6.326963,On or near Maple Grove,Anti-social behaviour
55.151115,-6.662728,On or near Ballygallin Park,Anti-social behaviour
54.543404,-6.010832,On or near Rowan Drive,Anti-social behaviour
54.482018,-6.544685,On or near Birchwood Grange,Anti-social behaviour
54.855399,-6.267478,On or near Wilson Crescent,Anti-social behaviour
54.609362,-5.930421,On or near Victoria Parade,Anti-social behaviour
54.558311,-5.734082,On or near Dermott Road,Anti-social behaviour
54.716992,-5.818237,On or near Ellis Street,Anti-social behaviour
54.860777,-5.844307,On or near Runkerry Gardens,Anti-social behaviour
54.994213,-7.312088,On or near Waterside Link,Anti-social behaviour
54.61244,-5.925002,On or near Carnalea Place,Anti-social behaviour
54.583611,-5.898654,On or near Cregagh Road,Anti-social behaviour
54.508522,-6.035936,On or near Montgomery Drive,Anti-social behaviour
54.836287,-7.457738,On or near Derry Road,Anti-social behaviour
54.996008,-7.310166,On or near Bonds Hill,Anti-social behaviour
54.57514,-5.883809,On or near Glensharragh Gardens,Anti-social behaviour
54.593357,-5.933461,On or near Hope Street,Anti-social behaviour
54.16966,-6.334278,On or near ,Anti-social behaviour
54.554008,-6.030117,On or near Altan Avenue,Anti-social behaviour
54.824312,-7.449622,On or near Mount Carmel Heights,Anti-social behaviour
54.654902,-5.919676,On or near Longwood Road,Anti-social behaviour
54.714583,-6.219285,On or near Market Square,Anti-social behaviour
55.131995,-6.666425,On or near ,Anti-social behaviour
55.03013,-6.503863,On or near Long Lane,Anti-social behaviour
54.647767,-5.657444,On or near ,Anti-social behaviour
54.676937,-5.972367,On or near Antrim Road,Anti-social behaviour
54.563829,-5.910804,On or near Saintfield Road,Anti-social behaviour
54.503739,-6.064187,On or near Lissue Court,Anti-social behaviour
54.628915,-5.967107,On or near Ballysillan Park,Anti-social behaviour
54.564604,-6.014902,On or near Helens Wood,Anti-social behaviour
54.431535,-6.453565,On or near Garvaghy Gardens,Anti-social behaviour
54.870373,-6.272382,On or near Parkway,Anti-social behaviour
54.409752,-6.384612,On or near Knocknamuckly Road,Anti-social behaviour
55.040706,-6.930149,On or near Edenvale,Anti-social behaviour
54.299929,-6.521516,On or near Halford Mews,Anti-social behaviour
54.598004,-5.932499,On or near College Street,Anti-social behaviour
54.567796,-5.935621,On or near Belvedere Park,Anti-social behaviour
54.351302,-6.272027,On or near Reilly Place,Anti-social behaviour
54.362182,-7.638603,On or near Derrygore Road,Anti-social behaviour
54.645884,-6.744976,On or near Central Avenue,Anti-social behaviour
54.591203,-5.947836,On or near Iverna Close,Anti-social behaviour
54.346343,-6.65275,On or near Linenhall Street,Anti-social behaviour
54.297917,-6.281023,On or near Brickland Road,Anti-social behaviour
54.163035,-6.341235,On or near ,Anti-social behaviour
54.649156,-5.707971,On or near Viceroy'S Wood,Anti-social behaviour
54.598004,-5.932499,On or near College Street,Anti-social behaviour
54.596371,-5.951677,On or near Abercorn Street North,Anti-social behaviour
54.84909,-6.482003,On or near ,Anti-social behaviour
54.580965,-5.872215,On or near Prince Regent Road,Anti-social behaviour
55.006659,-7.31933,On or near Baronet Street,Anti-social behaviour
54.977489,-7.282919,On or near Milltown Crescent,Anti-social behaviour
54.591534,-5.987305,On or near ,Anti-social behaviour
54.415324,-6.974646,On or near Sydney Street,Anti-social behaviour
54.763529,-6.305168,On or near Connaugh Road,Anti-social behaviour
54.593507,-5.931179,On or near Bedford Street,Anti-social behaviour
54.481801,-6.352811,On or near Turmoyra Court,Anti-social behaviour
54.660804,-5.760462,On or near Craigdarragh Road,Anti-social behaviour
54.601812,-5.930851,On or near North Street,Anti-social behaviour
54.493545,-6.704167,On or near Cavan Road,Anti-social behaviour
54.588727,-5.670226,On or near Burnreagh Court,Anti-social behaviour
55.199194,-6.261798,On or near Fogarty Crescent,Anti-social behaviour
54.996266,-7.321006,On or near Castle Street,Anti-social behaviour
54.88531,-6.274033,On or near The Crescent,Anti-social behaviour
55.120983,-6.66165,On or near ,Anti-social behaviour
54.599682,-5.932878,On or near Chapel Lane,Anti-social behaviour
54.595113,-5.933651,On or near ,Anti-social behaviour
54.611542,-5.921874,On or near Whitla Street,Anti-social behaviour
54.748868,-6.304616,On or near The Meadows,Anti-social behaviour
54.597014,-5.92769,On or near ,Anti-social behaviour
54.598552,-5.876451,On or near Clonlee Drive,Anti-social behaviour
54.673071,-5.965226,On or near Harmin Drive,Anti-social behaviour
54.657947,-5.642599,On or near Dorothy Avenue,Anti-social behaviour
54.602102,-5.925203,On or near Victoria Street,Anti-social behaviour
54.44659,-6.395526,On or near Twinem Court,Anti-social behaviour
55.047231,-7.278309,On or near Ardanlee,Anti-social behaviour
54.758442,-6.601502,On or near ,Anti-social behaviour
55.036095,-7.325728,On or near Fernabbey Park,Anti-social behaviour
54.584617,-5.702485,On or near Jubilee Road,Anti-social behaviour
54.585151,-5.925399,On or near University Avenue,Anti-social behaviour
54.820432,-7.465869,On or near St. Colmans Drive,Anti-social behaviour
54.595727,-5.955547,On or near ,Anti-social behaviour
54.585306,-5.930296,On or near Rugby Road,Anti-social behaviour
54.64294,-6.761811,On or near Tullagh View,Anti-social behaviour
54.626878,-5.938064,On or near Antrim Road,Anti-social behaviour
54.716732,-6.218818,On or near Menin Road,Anti-social behaviour
54.574941,-5.991804,On or near St. Agnes Place,Anti-social behaviour
54.856328,-6.265227,On or near Chichester Park East,Anti-social behaviour
54.603864,-5.913227,On or near Queens Road,Anti-social behaviour
55.135512,-6.669365,On or near Riversdale Road,Anti-social behaviour
54.522264,-6.056762,On or near Beechdene Drive,Anti-social behaviour
54.637425,-5.654708,On or near Willowbrook Park,Anti-social behaviour
54.475192,-6.328239,On or near Desmond Avenue,Anti-social behaviour
54.414964,-6.973438,On or near Sydney Lane,Anti-social behaviour
54.452953,-7.487626,On or near Woodview Crescent,Anti-social behaviour
54.592353,-5.903294,On or near Isthmus Street,Anti-social behaviour
54.586411,-5.93765,On or near Abercorn Street,Anti-social behaviour
54.796019,-6.395208,On or near The Moorlands,Anti-social behaviour
54.604602,-5.961292,On or near ,Anti-social behaviour
55.206186,-6.652541,On or near Main Street,Anti-social behaviour
54.375995,-7.317806,On or near Nelson Park,Anti-social behaviour
55.133707,-6.663686,On or near Railway Place,Anti-social behaviour
54.434428,-6.721661,On or near ,Anti-social behaviour
54.419765,-6.444488,On or near ,Anti-social behaviour
54.857908,-6.27019,On or near Chichester Park Central,Anti-social behaviour
55.080528,-6.523059,On or near Kirkmoyle View,Anti-social behaviour
54.586435,-5.899854,On or near Woodstock Road,Anti-social behaviour
54.259069,-5.848176,On or near Dromara Road,Anti-social behaviour
54.589388,-5.944106,On or near Colchester Park,Anti-social behaviour
54.778226,-6.557923,On or near Main Street,Anti-social behaviour
54.064819,-6.001463,On or near Newcastle Street,Anti-social behaviour
54.100951,-6.253821,On or near Dock Street,Anti-social behaviour
54.739508,-5.801295,On or near Bashfordsland,Anti-social behaviour
54.345886,-6.653657,On or near Dobbin Street,Anti-social behaviour
54.510639,-6.048497,On or near Market Place,Anti-social behaviour
54.553654,-6.000904,On or near Barbour Gardens,Anti-social behaviour
54.586711,-5.95688,On or near Benburb Street,Anti-social behaviour
54.600811,-5.940605,On or near Fingals Court,Anti-social behaviour
55.022627,-7.323656,On or near Carnhill,Anti-social behaviour
54.591332,-5.936921,On or near Boyne Court,Anti-social behaviour
54.599333,-5.905287,On or near Duke Street,Anti-social behaviour
54.639965,-5.652238,On or near Primacy Road,Anti-social behaviour
54.188968,-6.346003,On or near Drumgullion Avenue,Anti-social behaviour
54.1873,-6.367257,On or near Millvale Road,Anti-social behaviour
55.073866,-6.494778,On or near Ashlea Drive,Anti-social behaviour
54.662027,-5.670976,On or near Southwell Road,Anti-social behaviour
54.873657,-6.267614,On or near Hugomont Avenue,Anti-social behaviour
54.18183,-6.325563,On or near Knockdarragh,Anti-social behaviour
54.666108,-5.980843,On or near Mayfield Gardens,Anti-social behaviour
54.604038,-5.941742,On or near Boundary Walk,Anti-social behaviour
54.958671,-6.615785,On or near Blackrock Road,Anti-social behaviour
54.408507,-6.150113,On or near The Priory,Anti-social behaviour
54.41336,-6.150187,On or near Rampart Street,Anti-social behaviour
54.17052,-6.339956,On or near ,Anti-social behaviour
54.876185,-6.25783,On or near Frys Hollow,Anti-social behaviour
55.059464,-6.522473,On or near Bann Road,Anti-social behaviour
54.600036,-7.303976,On or near High Street,Anti-social behaviour
54.179102,-6.333546,On or near Sandys Street,Anti-social behaviour
54.466258,-5.43756,On or near ,Anti-social behaviour
54.740547,-6.67755,On or near ,Anti-social behaviour
54.592032,-5.797228,On or near Morven Park,Anti-social behaviour
54.516343,-6.057336,On or near Thornleigh Drive,Anti-social behaviour
54.99842,-7.289234,On or near Rossdale,Anti-social behaviour
54.647767,-5.657444,On or near ,Anti-social behaviour
54.997433,-7.297189,On or near Heron Way,Anti-social behaviour
54.591534,-5.987305,On or near ,Anti-social behaviour
54.597851,-5.898585,On or near Montrose Walk,Anti-social behaviour
54.601937,-5.927099,On or near Hill Street,Anti-social behaviour
54.584823,-5.904284,On or near Chesham Crescent,Anti-social behaviour
54.584823,-5.904284,On or near Chesham Crescent,Anti-social behaviour
54.619446,-5.973649,On or near Crumlin Road,Anti-social behaviour
54.996614,-7.320469,On or near Shipquay Street,Anti-social behaviour
54.51289,-6.783969,On or near Foxborough,Anti-social behaviour
54.756566,-6.615717,On or near Mullaghboy Lane,Anti-social behaviour
54.555584,-5.975967,On or near Inishowen Drive,Anti-social behaviour
54.511682,-6.056353,On or near Craigmore Road,Anti-social behaviour
54.957734,-7.356341,On or near Foyle Crescent,Anti-social behaviour
54.748868,-6.304616,On or near The Meadows,Anti-social behaviour
54.774251,-5.755595,On or near Lislaynan,Anti-social behaviour
54.17469,-6.334826,On or near High Street,Anti-social behaviour
54.557512,-5.907108,On or near Glendale Park,Anti-social behaviour
54.587857,-5.933895,On or near Lower Crescent,Anti-social behaviour
54.718305,-5.818803,On or near Elmwood Park,Anti-social behaviour
54.584823,-5.904284,On or near Chesham Crescent,Anti-social behaviour
54.655301,-5.635933,On or near Marlo Park,Anti-social behaviour
54.173309,-6.344132,On or near Dominic Street,Anti-social behaviour
54.710918,-5.83329,On or near Priory Drive,Anti-social behaviour
54.620324,-6.736258,On or near Tullywiggan Cottages,Anti-social behaviour
54.757934,-5.712313,On or near Chichester Park,Anti-social behaviour
54.513998,-6.058467,On or near Hillside Gardens,Anti-social behaviour
55.004097,-7.283085,On or near Sperrin Park,Anti-social behaviour
54.589901,-5.959041,On or near Broadway,Anti-social behaviour
55.1743,-6.711863,On or near Fairfield Road,Anti-social behaviour
54.518539,-6.006806,On or near ,Anti-social behaviour
54.358923,-6.653754,On or near Alexander Avenue,Anti-social behaviour
54.334706,-5.709914,On or near Meadowlands,Anti-social behaviour
54.850854,-5.847095,On or near Chestnut Way,Anti-social behaviour
54.732709,-6.220818,On or near Durnish Road,Anti-social behaviour
54.592551,-5.930439,On or near Bankmore Street,Anti-social behaviour
54.850369,-5.82395,On or near Latharna Houses,Anti-social behaviour
54.376036,-6.292196,On or near Hillside Crescent,Anti-social behaviour
54.465289,-8.044575,On or near Toura Road,Anti-social behaviour
54.874775,-6.283131,On or near ,Anti-social behaviour
54.60289,-5.965247,On or near ,Anti-social behaviour
54.593191,-5.697825,On or near Pound Street,Anti-social behaviour
55.026661,-7.179198,On or near Woodvale Road,Anti-social behaviour
54.975694,-7.292274,On or near Ivy Mead,Anti-social behaviour
54.418058,-6.450068,On or near Arthur Avenue,Anti-social behaviour
54.594504,-5.898866,On or near Epworth Street,Anti-social behaviour
54.464582,-6.341334,On or near Shankill Street,Anti-social behaviour
54.590822,-5.953456,On or near Milner Street,Anti-social behaviour
55.17881,-6.722156,On or near Prospect Road,Anti-social behaviour
54.638519,-6.746938,On or near Rathmore,Anti-social behaviour
54.509883,-6.192257,On or near Willow Lodge,Anti-social behaviour
54.681148,-5.960387,On or near Richmond Grove,Anti-social behaviour
54.374246,-6.545731,On or near Elm Park,Anti-social behaviour
54.600811,-5.940605,On or near Fingals Court,Anti-social behaviour
54.625485,-5.924879,On or near Seagrove Parade,Anti-social behaviour
54.600232,-5.929306,On or near Rosemary Street,Anti-social behaviour
54.718467,-6.220108,On or near Castle Street,Anti-social behaviour
54.600091,-5.93264,On or near Chapel Lane,Anti-social behaviour
54.59285,-5.904986,On or near Woodstock Road,Anti-social behaviour
55.050469,-6.950542,On or near Market Street,Anti-social behaviour
54.610632,-5.936409,On or near Kinnaird Street,Anti-social behaviour
54.609505,-5.967502,On or near Ballygomartin Road,Anti-social behaviour
54.602853,-5.929684,On or near Academy Street,Anti-social behaviour
54.331905,-5.706257,On or near Marian Park,Anti-social behaviour
54.321356,-5.714822,On or near Vianstown Road,Anti-social behaviour
54.759786,-6.561251,On or near ,Anti-social behaviour
54.608719,-5.920207,On or near Dock Street,Anti-social behaviour
54.599132,-5.925957,On or near Ann Street,Anti-social behaviour
54.582322,-5.894311,On or near Ladas Way,Anti-social behaviour
54.608476,-5.866476,On or near Ashbrook Drive,Anti-social behaviour
54.694456,-5.955144,On or near Uppertown Drive,Anti-social behaviour
54.613559,-7.312428,On or near Dunbreen Close,Anti-social behaviour
54.421726,-6.450206,On or near Jervis Street,Anti-social behaviour
54.602946,-7.306928,On or near Castle Place,Anti-social behaviour
54.513891,-7.457651,On or near Omagh Road,Anti-social behaviour
54.401348,-7.369168,On or near Morrow Park,Anti-social behaviour
54.578978,-5.706933,On or near Beaufort Walk,Anti-social behaviour
54.652973,-5.649752,On or near Dellmount Avenue,Anti-social behaviour
54.600236,-5.953835,On or near Cupar Street Lower,Anti-social behaviour
54.55481,-5.738111,On or near Graffan Gardens,Anti-social behaviour
54.598217,-5.937068,On or near Killen Street,Anti-social behaviour
54.862214,-6.25091,On or near Rona Gardens,Anti-social behaviour
54.601449,-5.937988,On or near Sackville Court,Anti-social behaviour
55.069364,-6.512919,On or near Union Street,Anti-social behaviour
54.858778,-6.262521,On or near Kintyre Park,Anti-social behaviour
54.453685,-7.488588,On or near Woodview Crescent,Anti-social behaviour
54.449486,-6.391034,On or near ,Anti-social behaviour
54.706861,-6.188701,On or near Muckamore Garden Village,Anti-social behaviour
54.344486,-6.65378,On or near Friary Road,Anti-social behaviour
54.513891,-7.457651,On or near Omagh Road,Anti-social behaviour
54.613094,-7.266777,On or near Pinefield Avenue,Anti-social behaviour
54.584419,-5.984144,On or near ,Anti-social behaviour
54.66553,-5.90712,On or near Woodland Drive,Anti-social behaviour
54.589842,-5.907183,On or near London Street,Anti-social behaviour
54.657438,-5.641373,On or near Wellington Drive,Anti-social behaviour
54.590423,-5.894063,On or near Brenda Street,Anti-social behaviour
54.585967,-5.923238,On or near Ormeau Road,Anti-social behaviour
54.590423,-5.894063,On or near Brenda Street,Anti-social behaviour
54.607549,-5.92635,On or near Molyneaux Street,Anti-social behaviour
55.07035,-6.491607,On or near Carnany Avenue,Anti-social behaviour
54.595116,-5.93543,On or near Glengall Street,Anti-social behaviour
54.860444,-6.262185,On or near Barra Drive,Anti-social behaviour
54.605181,-5.959391,On or near Mayo Place,Anti-social behaviour
54.601152,-5.899808,On or near Riada Close,Anti-social behaviour
54.462433,-6.448005,On or near Derrycarne Road,Anti-social behaviour
54.804643,-6.20534,On or near Rossburn Manor,Anti-social behaviour
54.510275,-6.046537,On or near Haslems Lane,Anti-social behaviour
54.42031,-6.260527,On or near Main Street,Anti-social behaviour
55.0437,-6.936514,On or near Drumachose Park,Anti-social behaviour
54.631433,-5.930121,On or near Lansdowne Road,Anti-social behaviour
54.588494,-5.92967,On or near Vernon Court,Anti-social behaviour
54.338722,-7.628139,On or near Ashgrove,Anti-social behaviour
54.513968,-6.070081,On or near Causeway Meadows,Anti-social behaviour
54.591278,-5.962902,On or near Fallswater Drive,Anti-social behaviour
54.576317,-5.923219,On or near Sunnyside Drive,Anti-social behaviour
54.615446,-5.970844,On or near Somerdale Park,Anti-social behaviour
55.133707,-6.663686,On or near Railway Place,Anti-social behaviour
54.752033,-6.00052,On or near Park Street,Anti-social behaviour
54.587985,-5.933006,On or near Botanic Avenue,Anti-social behaviour
54.101063,-6.231327,On or near Moygannon Court,Anti-social behaviour
54.521372,-6.024445,On or near Grafton Crescent,Anti-social behaviour
54.565703,-6.015081,On or near Stewartstown Road,Anti-social behaviour
54.175294,-6.334312,On or near High Street,Anti-social behaviour
54.46141,-6.325038,On or near ,Anti-social behaviour
54.591954,-5.892716,On or near Flora Street,Anti-social behaviour
54.597032,-5.928741,On or near Donegall Square East,Anti-social behaviour
54.593058,-5.793397,On or near Brooklands Gardens,Anti-social behaviour
54.595116,-5.93543,On or near Glengall Street,Anti-social behaviour
54.641722,-6.812483,On or near ,Anti-social behaviour
54.48291,-6.231114,On or near Torwood,Anti-social behaviour
54.173436,-6.342289,On or near Corn Market,Anti-social behaviour
54.57767,-6.675934,On or near Hillhead,Anti-social behaviour
54.58585,-5.93528,On or near University Square Mews,Anti-social behaviour
55.195092,-6.661553,On or near Garron Park,Anti-social behaviour
54.605771,-5.938544,On or near Sherbrook Terrace,Anti-social behaviour
54.759131,-6.609867,On or near Derramore Court,Anti-social behaviour
54.713381,-6.219462,On or near Massereene Street,Anti-social behaviour
54.634333,-6.742591,On or near Castle Mews,Anti-social behaviour
54.647893,-5.672823,On or near Abbot'S Walk,Anti-social behaviour
54.662874,-5.921392,On or near Clonbeg Drive,Anti-social behaviour
55.031532,-7.319283,On or near Glencaw Park,Anti-social behaviour
54.820432,-7.465869,On or near St. Colmans Drive,Anti-social behaviour
54.460149,-6.323532,On or near Lime Grove,Anti-social behaviour
54.661842,-5.63453,On or near Churchill Crescent,Anti-social behaviour
54.56039,-6.02647,On or near Glenwood Walk,Anti-social behaviour
54.732904,-6.215174,On or near Glencraig Manor,Anti-social behaviour
54.608602,-5.872615,On or near Inverwood Gardens,Anti-social behaviour
54.619032,-5.922731,On or near Ayr Street,Anti-social behaviour
54.592305,-5.707979,On or near ,Anti-social behaviour
54.510515,-5.894951,On or near Muskett Mews,Anti-social behaviour
54.588988,-5.843762,On or near Kings Road,Anti-social behaviour
54.461511,-6.300111,On or near Holly Hill,Anti-social behaviour
55.059464,-6.522473,On or near Bann Road,Anti-social behaviour
54.620939,-6.215095,On or near Mill Road,Anti-social behaviour
55.021918,-7.17659,On or near Alderbrook,Anti-social behaviour
54.172301,-6.347281,On or near Barcroft Park,Anti-social behaviour
54.628844,-6.139844,On or near Dundrod Road,Anti-social behaviour
54.597322,-5.956349,On or near Waterford Gardens,Anti-social behaviour
54.358532,-6.048532,On or near ,Anti-social behaviour
54.596553,-5.889074,On or near Bloomfield Avenue,Anti-social behaviour
54.594827,-5.974686,On or near Westrock Crescent,Anti-social behaviour
54.590264,-5.784559,On or near Orsay Walk,Anti-social behaviour
54.366888,-5.85582,On or near Mill Pond View,Anti-social behaviour
54.508522,-6.035936,On or near Montgomery Drive,Anti-social behaviour
54.325094,-5.719564,On or near Market Street,Anti-social behaviour
54.400206,-5.901838,On or near Dromore Road,Anti-social behaviour
54.62219,-5.972738,On or near Faburn Park,Anti-social behaviour
54.594568,-5.934406,On or near Great Victoria Street,Anti-social behaviour
54.857705,-5.813712,On or near Greenland Drive,Anti-social behaviour
54.611938,-7.313276,On or near Meelmore Drive,Anti-social behaviour
54.652366,-5.695765,On or near Orlock Gardens,Anti-social behaviour
54.469184,-6.382548,On or near Chestnut Grove,Anti-social behaviour
54.641343,-5.835103,On or near High Street,Anti-social behaviour
54.627685,-5.938488,On or near Antrim Road,Anti-social behaviour
54.46501,-6.331924,On or near Wellington Street,Anti-social behaviour
54.594923,-5.962767,On or near Beechmount Walk,Anti-social behaviour
54.443614,-6.391973,On or near Parkmore,Anti-social behaviour
54.616586,-5.943632,On or near ,Anti-social behaviour
54.499638,-6.059457,On or near Avonmore Park,Anti-social behaviour
54.518273,-6.026742,On or near Hilden Park,Anti-social behaviour
54.779304,-6.551078,On or near Moyola Road,Anti-social behaviour
54.757462,-6.32366,On or near Tresna Park,Anti-social behaviour
54.499638,-6.059457,On or near Avonmore Park,Anti-social behaviour
54.669948,-5.956934,On or near ,Anti-social behaviour
55.208098,-6.655681,On or near Mark Street,Anti-social behaviour
54.828181,-7.465035,On or near Dock Street,Anti-social behaviour
54.59959,-5.900415,On or near St. Leonards Crescent,Anti-social behaviour
54.51517,-6.025424,On or near Huguenot Drive,Anti-social behaviour
54.801083,-6.221703,On or near Fernisky Road,Anti-social behaviour
54.257883,-5.767233,On or near Ballydonnell Road,Anti-social behaviour
54.315371,-5.714324,On or near Ardilea Park,Anti-social behaviour
54.219627,-5.889098,On or near Mourne Park,Anti-social behaviour
54.347777,-6.653272,On or near ,Anti-social behaviour
54.594254,-7.261995,On or near Deverney Park,Anti-social behaviour
54.618286,-5.935805,On or near ,Anti-social behaviour
54.84962,-6.273612,On or near Shancoole,Anti-social behaviour
54.648698,-5.673117,On or near Abbot'S Close,Anti-social behaviour
54.594404,-5.917997,On or near ,Anti-social behaviour
54.653322,-5.660797,On or near Bloomfield Road,Anti-social behaviour
54.585303,-5.899371,On or near Cregagh Road,Anti-social behaviour
55.206186,-6.652541,On or near Main Street,Anti-social behaviour
54.960383,-6.013586,On or near Ballymena Road,Anti-social behaviour
54.631213,-5.676424,On or near Kestrel Park,Anti-social behaviour
54.754176,-5.997012,On or near Meadow Drive,Anti-social behaviour
54.588655,-5.951786,On or near ,Anti-social behaviour
54.825201,-7.459583,On or near Coutrai Park,Anti-social behaviour
54.509005,-6.061421,On or near Moira Road,Anti-social behaviour
54.554072,-6.047381,On or near Mount Eagles Drive,Anti-social behaviour
54.659557,-5.668234,On or near Market Street,Anti-social behaviour
54.99258,-7.293664,On or near Seventree Road,Anti-social behaviour
54.477267,-6.22372,On or near Claremont Park,Anti-social behaviour
54.668935,-5.954923,On or near Antrim Road,Anti-social behaviour
54.513512,-6.044499,On or near Railway Street,Anti-social behaviour
54.611734,-5.925208,On or near Canning Street,Anti-social behaviour
54.712692,-5.814448,On or near Belfast Road,Anti-social behaviour
54.593529,-5.918335,On or near ,Anti-social behaviour
54.632519,-5.934309,On or near Somerton Park,Anti-social behaviour
54.599705,-5.90499,On or near Susan Street,Anti-social behaviour
54.594839,-5.708409,On or near ,Anti-social behaviour
54.862775,-5.84297,On or near Dromaine Drive,Anti-social behaviour
54.586483,-5.92346,On or near Ormeau Road,Anti-social behaviour
54.660862,-5.671616,On or near Central Avenue,Anti-social behaviour
54.820097,-7.465251,On or near ,Anti-social behaviour
55.032802,-7.324798,On or near Ederowen Park,Anti-social behaviour
54.653539,-5.681922,On or near Clandeboye Place,Anti-social behaviour
54.584162,-5.797808,On or near Comber Road,Anti-social behaviour
54.568321,-6.599578,On or near Back Lower Road,Anti-social behaviour
54.654523,-5.68261,On or near Beechwood Avenue,Anti-social behaviour
54.596849,-5.911264,On or near ,Anti-social behaviour
54.404738,-5.894845,On or near Murrays Terrace,Anti-social behaviour
54.54617,-5.900239,On or near Ballylenaghan Heights,Anti-social behaviour
54.45426,-6.334905,On or near Gracey Drive,Anti-social behaviour
54.615647,-5.934917,On or near Newington Avenue,Anti-social behaviour
54.995762,-7.322467,On or near The Diamond,Anti-social behaviour
54.457952,-6.119369,On or near Ballygowan Road,Anti-social behaviour
54.593206,-5.70146,On or near Mill Street,Anti-social behaviour
54.056094,-6.004753,On or near Meadowlands,Anti-social behaviour
54.590799,-5.884235,On or near Grace Avenue,Anti-social behaviour
54.550328,-6.005688,On or near ,Bicycle theft
54.589272,-5.968092,On or near St. James'S Parade,Bicycle theft
54.538584,-6.696884,On or near Maplebrook Lane,Bicycle theft
54.587116,-5.906998,On or near Imperial Drive,Bicycle theft
54.600829,-5.883838,On or near Connsbrook Avenue,Bicycle theft
54.595555,-5.928538,On or near ,Bicycle theft
54.584549,-5.949656,On or near Ashley Avenue,Bicycle theft
54.592774,-5.71278,On or near Brooklands Road,Bicycle theft
54.599306,-5.934027,On or near Marquis Street,Bicycle theft
54.995257,-7.310804,On or near Bonds Hill,Bicycle theft
54.576208,-5.916388,On or near Raby Street,Bicycle theft
54.581388,-5.900547,On or near ,Bicycle theft
54.595496,-5.914614,On or near Mays Meadow,Bicycle theft
54.60262,-5.927095,On or near Hill Street,Bicycle theft
54.599189,-5.930334,On or near Castle Street,Bicycle theft
55.126465,-6.669227,On or near Mountsandel Road,Bicycle theft
54.597088,-5.889851,On or near ,Bicycle theft
54.586112,-5.910282,On or near Ravenhill Court,Bicycle theft
54.662854,-5.929112,On or near Rathmore Way,Bicycle theft
54.583785,-5.949617,On or near Tates Avenue,Bicycle theft
54.702961,-6.186222,On or near ,Bicycle theft
54.589552,-5.933747,On or near Donegall Pass,Bicycle theft
54.5722,-5.919964,On or near Haypark Gardens,Bicycle theft
54.592531,-5.920877,On or near Mcauley Street,Bicycle theft
54.514218,-6.093187,On or near Ballinderry Road,Bicycle theft
54.615187,-5.934816,On or near Newington Avenue,Bicycle theft
54.598036,-5.931754,On or near Fountain Street,Bicycle theft
54.595054,-5.896888,On or near Avoniel Road,Bicycle theft
54.992574,-7.311319,On or near ,Bicycle theft
54.423491,-6.444285,On or near ,Bicycle theft
54.59598,-5.888655,On or near Bloomfield Avenue,Bicycle theft
54.61806,-5.968655,On or near Hesketh Gardens,Bicycle theft
54.595727,-5.955547,On or near ,Bicycle theft
54.598233,-5.92591,On or near Victoria Square,Bicycle theft
54.584751,-5.899136,On or near Titania Street,Bicycle theft
54.59516,-5.899389,On or near Chatsworth Street,Bicycle theft
54.194581,-6.351724,On or near Sandy Hill,Bicycle theft
54.603844,-5.931955,On or near Union Street,Bicycle theft
54.59365,-5.982775,On or near Glenalina Green,Bicycle theft
54.411959,-6.745695,On or near Main Street,Bicycle theft
54.597431,-5.922639,On or near ,Bicycle theft
54.662453,-5.648398,On or near Waverley Drive,Burglary
54.588223,-5.935872,On or near Sandy Row,Burglary
55.03937,-6.943699,On or near Woodland Walk,Burglary
55.192558,-6.659785,On or near Glentaisie Park,Burglary
54.472374,-5.676847,On or near Beechvale Road,Burglary
54.469907,-6.08422,On or near ,Burglary
55.040684,-6.939879,On or near Enagh Park,Burglary
54.570787,-6.825386,On or near ,Burglary
54.584102,-5.922421,On or near Agincourt Avenue,Burglary
54.507137,-6.057542,On or near Jubilee Avenue,Burglary
54.343891,-6.272184,On or near Ashgrove Avenue,Burglary
54.633216,-5.969649,On or near Loughview Heights,Burglary
54.606063,-5.843431,On or near Tweskard Lodge,Burglary
54.640965,-5.816038,On or near Princess Gardens,Burglary
54.638973,-5.836236,On or near Park Drive,Burglary
54.622779,-5.942716,On or near Cavehill Road,Burglary
54.639988,-5.837716,On or near Sullivan Close,Burglary
54.60447,-7.271203,On or near Retreat Heights,Burglary
54.424524,-6.121409,On or near Hillsborough Road,Burglary
55.001616,-7.326775,On or near ,Burglary
54.705074,-6.182171,On or near Hollowburn Road,Burglary
54.194581,-6.351724,On or near Sandy Hill,Burglary
54.568049,-5.913712,On or near Annadale Avenue,Burglary
55.045514,-6.949999,On or near Josephine Avenue,Burglary
54.344486,-6.65378,On or near Friary Road,Burglary
54.464657,-6.327249,On or near Windsor Avenue,Burglary
54.564029,-5.939708,On or near Deramore Park,Burglary
54.410763,-6.457767,On or near Inglewood Lodge,Burglary
54.522356,-6.03799,On or near Jersey Avenue,Burglary
54.755652,-5.998275,On or near Ballycorr Road,Burglary
54.687173,-5.893009,On or near Clonvara,Burglary
54.31339,-6.300109,On or near Rathfriland Street,Burglary
54.557885,-5.908959,On or near Saintfield Road,Burglary
54.605066,-5.911571,On or near Queens Road,Burglary
54.427761,-6.43329,On or near Bridge Street,Burglary
54.581436,-5.933586,On or near ,Burglary
54.584348,-5.923646,On or near Fitzwilliam Square,Burglary
54.346793,-6.283443,On or near Areema Heights,Burglary
54.414983,-6.148219,On or near Princes Street,Burglary
54.359541,-7.6098,On or near Beech Hill,Burglary
54.424524,-6.121409,On or near Hillsborough Road,Burglary
54.821654,-7.476167,On or near Lisnafin Park,Burglary
54.189812,-6.34528,On or near Drumgullion Avenue,Burglary
54.92925,-6.917573,On or near Ard Na Smoll,Burglary
54.478225,-6.089185,On or near Eglantine Park,Burglary
54.58088,-5.933119,On or near Pretoria Street,Burglary
54.568981,-5.992128,On or near Finaghy Road North,Burglary
54.869507,-6.268945,On or near Skerry Court,Burglary
54.159672,-6.352837,On or near Ashton Heights,Burglary
54.445819,-6.745616,On or near Syerla Road,Burglary
54.410244,-6.457956,On or near Inglewood Lodge,Burglary
54.280236,-7.469185,On or near ,Burglary
54.60651,-5.84477,On or near ,Burglary
54.572495,-5.993842,On or near Brenda Park,Burglary
54.5729,-6.003642,On or near Hillhead Park,Burglary
54.538,-6.706096,On or near ,Burglary
54.595745,-5.914493,On or near ,Burglary
54.506153,-6.036173,On or near Ballynahinch Road,Burglary
54.627088,-5.993849,On or near Thornberry Hill,Burglary
54.605823,-5.963321,On or near ,Burglary
54.57183,-5.931922,On or near Geneva Gardens,Burglary
54.335774,-7.648796,On or near Rossole Park,Burglary
54.606661,-5.942786,On or near Hopewell Place,Burglary
54.567799,-5.91541,On or near Annadale Avenue,Burglary
54.446952,-6.37954,On or near Enniskeen,Burglary
54.600236,-5.953835,On or near Cupar Street Lower,Burglary
55.044576,-6.948443,On or near Josephine Avenue,Burglary
55.004293,-7.287364,On or near Parklands,Burglary
54.199037,-6.398975,On or near Clogharevan Park,Burglary
54.191768,-6.376764,On or near Millvale Park,Burglary
54.186749,-6.355176,On or near Third Avenue,Burglary
54.617068,-5.852386,On or near Knocknagoney Avenue,Burglary
54.598777,-5.900673,On or near Lendrick Street,Burglary
54.470317,-6.701277,On or near Dreemore Road,Burglary
54.854537,-5.838489,On or near Fairway,Burglary
54.577418,-5.931361,On or near Ridgeway Street,Burglary
54.503348,-6.752962,On or near Kalendra Court,Burglary
54.577418,-5.931361,On or near Ridgeway Street,Burglary
54.57693,-5.918641,On or near Deramore Street,Burglary
54.577418,-5.931361,On or near Ridgeway Street,Burglary
54.577418,-5.931361,On or near Ridgeway Street,Burglary
54.5738,-5.916372,On or near Rossmore Avenue,Burglary
54.458663,-6.333616,On or near Union Court,Burglary
54.498138,-5.938996,On or near Front Road,Burglary
54.154239,-6.597786,On or near Barkers Road,Burglary
54.675554,-5.912124,On or near Hillview Avenue,Burglary
54.618189,-5.957098,On or near ,Burglary
54.586675,-5.930443,On or near Wolseley Street,Burglary
54.220361,-6.484637,On or near Gleann Abhainn,Burglary
55.177563,-6.716341,On or near Seafield Park South,Burglary
54.224825,-6.322458,On or near ,Burglary
54.346651,-6.65617,On or near ,Burglary
54.592746,-6.049228,On or near ,Burglary
54.457066,-7.036127,On or near Grange Park,Burglary
54.606641,-5.843556,On or near Tweskard Lodge,Burglary
54.604982,-7.314213,On or near Gortmore Gardens,Burglary
54.732591,-5.807818,On or near ,Burglary
54.586005,-5.939635,On or near Minds Way,Burglary
54.311561,-6.295959,On or near Grovehill Road,Burglary
55.049168,-6.434087,On or near ,Burglary
54.593528,-5.947177,On or near Burnaby Court,Burglary
54.51799,-5.878951,On or near ,Burglary
54.578981,-5.956184,On or near Falcon Road,Burglary
54.973148,-6.640914,On or near Killyvally Road,Burglary
54.598007,-5.945343,On or near Albert Street,Burglary
54.087997,-6.373789,On or near Regina Park,Burglary
54.591767,-6.213958,On or near Main Street,Burglary
54.683535,-5.89509,On or near Cooleen Park,Burglary
54.220361,-6.484637,On or near Gleann Abhainn,Burglary
54.491173,-6.747576,On or near Ranfurly Heights,Burglary
54.569241,-5.935007,On or near Cricklewood Park,Burglary
54.586675,-5.930443,On or near Wolseley Street,Burglary
54.542464,-6.013242,On or near Pine Cross,Burglary
54.507471,-6.07505,On or near Drumlough Gardens,Burglary
54.605572,-7.313785,On or near Gortmore Gardens,Burglary
54.595933,-5.962407,On or near Iris Mews,Burglary
54.582795,-5.945861,On or near Tates Avenue,Burglary
54.614653,-5.898586,On or near ,Burglary
54.520422,-6.056772,On or near Abercorn,Burglary
54.585909,-5.9393,On or near Fitzwilliam Street,Burglary
54.579672,-5.934479,On or near ,Burglary
54.335889,-6.276779,On or near Bannview Mews,Burglary
54.608997,-5.931152,On or near ,Burglary
54.612771,-5.925929,On or near ,Burglary
54.318255,-5.708584,On or near ,Burglary
54.554367,-5.540982,On or near ,Burglary
54.8763,-6.26465,On or near Deramore Crescent,Burglary
54.851489,-6.273688,On or near Shanlieve,Burglary
54.598749,-5.944052,On or near St. Peters Place,Burglary
54.41537,-6.977879,On or near Ravella Road,Burglary
54.667738,-5.9153,On or near Owenreagh Drive,Burglary
54.659095,-5.64853,On or near Beverley Hills,Burglary
54.374457,-6.285382,On or near ,Burglary
54.586118,-5.937835,On or near Camden Street,Burglary
55.211787,-6.344989,On or near Maghery Road,Burglary
54.890557,-6.317543,On or near Carniny Road,Burglary
54.590161,-5.89451,On or near ,Burglary
54.661634,-5.916139,On or near Rathcoole Drive,Burglary
54.221733,-6.485154,On or near St. Killians Park,Burglary
54.646171,-5.920355,On or near Shore Road,Burglary
54.893864,-6.513159,On or near Kilrea Road,Burglary
54.734698,-6.01454,On or near Ballyrobert Road,Burglary
54.601256,-5.854519,On or near Hawthornden Gardens,Burglary
54.723222,-5.79409,On or near Coronation Road,Burglary
54.58658,-5.936466,On or near Claremont Street,Burglary
54.993727,-7.308721,On or near Dungiven Road,Burglary
54.592238,-6.216026,On or near Old Forge,Burglary
54.15826,-6.350091,On or near Chancellors Road,Burglary
54.58444,-5.944835,On or near Belgravia Avenue,Burglary
54.825978,-7.464629,On or near Main Street,Burglary
54.1076,-6.252532,On or near Fairview,Burglary
55.198791,-6.39018,On or near Straid Road,Burglary
54.51517,-6.025424,On or near Huguenot Drive,Burglary
54.272534,-5.77183,On or near ,Burglary
54.582822,-5.924775,On or near ,Burglary
54.63301,-5.952096,On or near Brianville Park,Burglary
54.583135,-5.902839,On or near Earl Haig Park,Burglary
54.602102,-5.925203,On or near Victoria Street,Burglary
54.450816,-6.364262,On or near ,Burglary
54.706004,-6.223028,On or near Woodland Grove,Burglary
54.511444,-6.047732,On or near Bow Street,Burglary
54.580905,-5.986793,On or near Fruithill Park,Burglary
54.359039,-6.255241,On or near The Rowans,Burglary
54.872491,-6.232253,On or near Woodside Road,Burglary
54.614277,-5.924165,On or near York Road,Burglary
54.570167,-6.034271,On or near ,Burglary
54.64884,-6.744188,On or near Coagh Crescent,Burglary
55.02461,-7.331378,On or near Slievemore Park,Burglary
54.646171,-5.920355,On or near Shore Road,Burglary
54.190288,-6.347927,On or near Lisdrum Avenue,Burglary
54.497703,-6.767596,On or near Ardglena,Burglary
54.992794,-7.308941,On or near Primrose Street,Burglary
54.585223,-5.802778,On or near Wanstead Road,Burglary
54.106532,-6.256323,On or near Ganna Way,Burglary
54.683879,-5.971059,On or near Sherwood Parks,Burglary
54.491418,-6.70016,On or near The Meadows,Burglary
54.185416,-6.346405,On or near College Gardens,Burglary
54.193844,-6.356274,On or near Meadowbrook,Burglary
54.447803,-6.854917,On or near Derrylattinee Road,Burglary
54.229479,-5.896018,On or near Carrigs Road,Burglary
54.983066,-6.693362,On or near Lyttlesdale,Burglary
54.224873,-5.883861,On or near Corrigs Avenue,Burglary
54.586118,-5.937835,On or near Camden Street,Burglary
54.881622,-6.273054,On or near Dunclug Park,Burglary
54.343563,-6.268107,On or near Maryville Close,Burglary
54.531186,-5.984884,On or near Gowan Heights,Burglary
54.66081,-5.662831,On or near ,Burglary
54.724283,-7.401408,On or near Deerpark Road,Burglary
54.640808,-5.53908,On or near Cannyreagh Road,Burglary
54.354282,-7.611434,On or near Irvines Crescent,Burglary
54.598217,-5.937068,On or near Killen Street,Burglary
54.843738,-5.801514,On or near ,Burglary
54.66056,-5.646679,On or near Donaghadee Road,Burglary
54.502765,-6.037231,On or near Altona Road,Burglary
54.621042,-5.921498,On or near Glasgow Street,Burglary
54.545896,-5.902525,On or near Ballylenaghan Road,Burglary
54.597645,-5.888816,On or near Newtownards Road,Burglary
54.517003,-6.261144,On or near ,Burglary
54.587231,-5.937253,On or near ,Burglary
54.679059,-5.958011,On or near Burnthill Gardens,Burglary
54.590731,-5.930686,On or near Salisbury Street,Burglary
54.605406,-5.92714,On or near Little Patrick Street,Burglary
54.458663,-6.333616,On or near Union Court,Burglary
54.576088,-6.005713,On or near Shaws Road,Burglary
54.553922,-6.295975,On or near Georges Island Road,Burglary
54.581466,-5.985404,On or near Denewood Drive,Burglary
54.516045,-7.453113,On or near Gardrum Heights,Burglary
54.506086,-7.197915,On or near Greenmount Road,Burglary
54.71678,-6.203173,On or near Portlee Walk,Burglary
54.463695,-5.800259,On or near Jacksons Crescent,Burglary
54.586675,-5.930443,On or near Wolseley Street,Burglary
54.330979,-7.617188,On or near Blackstick Road,Burglary
54.186885,-6.325972,On or near Chestnut Grove,Burglary
54.578895,-5.975647,On or near Kennedy Way Industrial Estate,Burglary
54.585967,-5.923238,On or near Ormeau Road,Burglary
54.500939,-6.74419,On or near Cedar Ridge,Burglary
54.194546,-6.272262,On or near Benagh Road,Burglary
54.691027,-6.103948,On or near ,Burglary
54.520901,-6.074928,On or near Molyneaux Walk,Burglary
54.78488,-7.472509,On or near Main Street,Burglary
54.582371,-5.949997,On or near Edinburgh Street,Burglary
54.617705,-5.933868,On or near Alexandra Avenue,Burglary
54.591264,-5.901617,On or near Willowfield Street,Burglary
55.029804,-7.346647,On or near Pinetrees,Burglary
54.418768,-6.422988,On or near Sheridan Green,Burglary
54.469207,-6.388332,On or near Mcgreavy Park,Burglary
54.599136,-7.31951,On or near Culmore Gardens,Burglary
54.72352,-5.792692,On or near Victoria Road,Burglary
54.194581,-6.351724,On or near Sandy Hill,Burglary
54.491126,-5.997552,On or near Pine Hill,Burglary
54.85335,-7.431244,On or near Woodbury Heights,Burglary
54.586174,-5.929524,On or near Lawrence Street,Burglary
54.585909,-5.9393,On or near Fitzwilliam Street,Burglary
54.067927,-6.006843,On or near Cromlech Park,Burglary
54.864209,-6.282427,On or near Galgorm Road,Burglary
54.574498,-5.913568,On or near St. Judes Avenue,Burglary
54.585593,-5.937072,On or near ,Burglary
54.586118,-5.937835,On or near Camden Street,Burglary
54.57241,-5.91236,On or near Rosetta Park,Burglary
54.603696,-5.975267,On or near ,Burglary
54.602979,-5.893786,On or near ,Criminal damage and arson
54.994981,-7.340526,On or near Bligh'S Lane,Criminal damage and arson
54.585229,-5.924715,On or near The Cloisters,Criminal damage and arson
54.87154,-6.271023,On or near Devenagh Way,Criminal damage and arson
54.581294,-5.923693,On or near Elgin Street,Criminal damage and arson
54.87154,-6.271023,On or near Devenagh Way,Criminal damage and arson
54.345254,-5.736028,On or near ,Criminal damage and arson
54.61379,-5.948278,On or near Oldpark Road,Criminal damage and arson
54.59497,-5.922687,On or near Friendly Street,Criminal damage and arson
54.068847,-6.007044,On or near Cromlech Park,Criminal damage and arson
54.609348,-7.281825,On or near Knockshee Park,Criminal damage and arson
55.001664,-7.379796,On or near ,Criminal damage and arson
54.870754,-6.273269,On or near Market Road,Criminal damage and arson
55.130838,-6.665021,On or near ,Criminal damage and arson
54.358833,-7.610345,On or near Beech Hill,Criminal damage and arson
54.859019,-6.260549,On or near Inchkeith Road,Criminal damage and arson
54.993129,-7.351853,On or near ,Criminal damage and arson
54.591435,-5.930356,On or near Maryville Street,Criminal damage and arson
54.721122,-6.217989,On or near Cavalier Court,Criminal damage and arson
54.859971,-5.842419,On or near Cairngorm Drive,Criminal damage and arson
54.17416,-6.344649,On or near Peters Place,Criminal damage and arson
54.602102,-5.925203,On or near Victoria Street,Drugs
54.63886,-5.922587,On or near Shore Crescent,Drugs
54.431589,-6.44726,On or near Churchill Park,Drugs
54.602591,-5.931724,On or near ,Drugs
54.635317,-5.948263,On or near Upper Cavehill Road,Drugs
55.001154,-7.322908,On or near Clarendon Street,Drugs
54.365095,-6.649659,On or near Drumman Park,Drugs
54.474352,-6.075604,On or near ,Drugs
54.820067,-7.474772,On or near Lisnafin Park,Drugs
54.078416,-6.639107,On or near Loughross Road,Drugs
54.213831,-5.887017,On or near Donard Place,Drugs
54.326714,-5.716815,On or near St. Patricks Drive,Drugs
54.611689,-7.31051,On or near Meelmore Drive,Drugs
54.756375,-6.613145,On or near Rainey Street,Drugs
54.60403,-5.938663,On or near Shankill Terrace,Drugs
54.645578,-5.818223,On or near Beechwood,Drugs
54.431589,-6.44726,On or near Churchill Park,Drugs
54.509581,-6.036982,On or near Union Bridge,Drugs
54.856988,-5.813283,On or near Stylux Industrial Estate,Drugs
54.593507,-5.931179,On or near Bedford Street,Drugs
54.686837,-5.935598,On or near Forthill Gardens,Drugs
54.654902,-5.919676,On or near Longwood Road,Drugs
54.50884,-6.03728,On or near Young Street,Drugs
54.599505,-5.926248,On or near Pottingers Entry,Drugs
54.664972,-5.902374,On or near Abbeydene Manor,Drugs
54.584479,-5.937639,On or near Elmwood Avenue,Drugs
54.586411,-5.93765,On or near Abercorn Street,Drugs
54.350509,-7.640381,On or near Carnmore Rise,Drugs
54.65064,-5.652722,On or near Gransha Park,Drugs
54.39327,-5.758467,On or near Westland Close,Drugs
54.587025,-5.954188,On or near ,Drugs
54.594689,-5.886261,On or near Elmdale Street,Drugs
54.346426,-6.656977,On or near Upper Irish Street,Drugs
54.595566,-5.897929,On or near Edith Street,Drugs
54.374983,-6.671218,On or near ,Drugs
54.608719,-5.920207,On or near Dock Street,Drugs
54.611207,-5.932232,On or near New Lodge Road,Drugs
54.846812,-6.669997,On or near O'Hara Road,Drugs
54.355766,-6.656656,On or near Boyds Row,Drugs
54.351288,-7.639344,On or near Carnmore Rise,Drugs
54.192932,-6.578259,On or near Dungormley Estate,Drugs
54.474352,-6.075604,On or near ,Drugs
54.597135,-5.98268,On or near Divismore Park,Drugs
55.130225,-6.678023,On or near ,Drugs
54.635317,-5.948263,On or near Upper Cavehill Road,Drugs
54.861774,-6.278575,On or near Queen Street,Drugs
54.645884,-6.744976,On or near Central Avenue,Drugs
54.592854,-7.315856,On or near Culmore Park,Drugs
54.311505,-5.67704,On or near ,Drugs
54.591196,-5.903941,On or near ,Drugs
54.525874,-6.080286,On or near Brokerstown Road,Drugs
54.587369,-5.993002,On or near Monagh Road,Drugs
54.696591,-5.876621,On or near Kinbayne Avenue,Drugs
54.423153,-6.462093,On or near Hartfield Square,Drugs
54.876987,-6.276259,On or near Hyde Park,Drugs
54.511092,-6.045402,On or near Market Square,Drugs
54.615607,-5.982633,On or near Forthriver Crescent,Drugs
54.641751,-5.681478,On or near ,Drugs
54.590067,-5.906707,On or near London Road,Drugs
54.566523,-6.009768,On or near Ringford Park,Other theft
54.637614,-6.033031,On or near Ballyutoag Road,Other theft
54.699817,-6.104159,On or near Castleton,Other theft
54.663929,-5.66662,On or near ,Other theft
54.322514,-5.704335,On or near Demesne View,Other theft
54.566278,-5.932513,On or near Sharman Park,Possession of weapons
54.596853,-5.978145,On or near Sliabh Dubh View,Possession of weapons
54.657145,-5.908016,On or near Whitehouse Gardens,Possession of weapons
54.62622,-5.939027,On or near Kenbella Parade,Possession of weapons
54.613687,-5.966117,On or near Mountainview Gardens,Possession of weapons
54.622779,-5.942716,On or near Cavehill Road,Possession of weapons
54.332736,-5.715943,On or near Church Street,Possession of weapons
54.59759,-5.696199,On or near Talbot Street,Possession of weapons
55.007131,-7.320197,On or near Rock Terrace,Possession of weapons
55.133122,-6.687491,On or near Carthall Manor,Possession of weapons
54.711059,-5.815607,On or near ,Possession of weapons
54.4975,-6.053352,On or near Meadowvale,Possession of weapons
54.332736,-5.715943,On or near Church Street,Possession of weapons
54.586753,-5.932404,On or near Botanic Avenue,Possession of weapons
55.13091,-6.678204,On or near Spencer Row,Possession of weapons
54.3555,-6.658542,On or near Moy Road,Possession of weapons
54.474352,-6.075604,On or near ,Possession of weapons
54.611087,-5.96168,On or near Ohio Street,Possession of weapons
54.75596,-6.611389,On or near Rainey Street,Possession of weapons
54.169862,-6.342401,On or near Pool Lane,Possession of weapons
54.714214,-6.218029,On or near Railway Street,Possession of weapons
54.857908,-6.27019,On or near Chichester Park Central,Possession of weapons
54.600102,-5.928554,On or near Winecellar Entry,Possession of weapons
54.594689,-5.886261,On or near Elmdale Street,Possession of weapons
54.594689,-5.886261,On or near Elmdale Street,Possession of weapons
54.108893,-6.187521,On or near Kilbroney Road,Possession of weapons
54.637373,-6.743767,On or near Church Street,Possession of weapons
54.560289,-6.025223,On or near Laurelbank,Possession of weapons
54.510513,-6.049043,On or near ,Possession of weapons
54.509854,-6.767184,On or near ,Possession of weapons
54.608784,-7.285194,On or near Castleview Park,Possession of weapons
54.510826,-6.051205,On or near ,Possession of weapons
54.329221,-5.713986,On or near Saul Street,Possession of weapons
55.039108,-7.326428,On or near Lower Galliagh Road,Possession of weapons
54.722394,-5.820337,On or near The Birches,Possession of weapons
54.573176,-5.991581,On or near Andersonstown Road,Possession of weapons
54.573176,-5.991581,On or near Andersonstown Road,Possession of weapons
54.57409,-5.991954,On or near Slievegallion Drive,Possession of weapons
54.434005,-6.275081,On or near Riverdale Crescent,Possession of weapons
54.557822,-6.019406,On or near Glasvey Rise,Possession of weapons
54.614643,-5.932413,On or near Ilchester Street,Possession of weapons
54.581175,-5.935146,On or near Landseer Street,Possession of weapons
54.704873,-5.968707,On or near Ballynure Road,Possession of weapons
54.659264,-5.941492,On or near Bellevue Park,Possession of weapons
54.866407,-6.2771,On or near High Street,Shoplifting
54.708959,-7.592099,On or near William Street,Shoplifting
54.648189,-6.75245,On or near Burn Road,Shoplifting
54.551946,-5.923546,On or near Castledillon Road,Shoplifting
54.598036,-5.931754,On or near Fountain Street,Shoplifting
54.580627,-5.965383,On or near Boucher Crescent,Shoplifting
55.065755,-6.519001,On or near West Gate,Shoplifting
54.753594,-6.61192,On or near ,Shoplifting
54.577087,-5.961105,On or near Wildflower Way,Shoplifting
54.828893,-7.467733,On or near Railway Street,Shoplifting
54.590325,-5.961805,On or near Iveagh Drive,Shoplifting
54.511798,-6.045152,On or near Graham Gardens,Shoplifting
54.596281,-7.313431,On or near Ardmore Crescent,Shoplifting
54.825813,-7.471975,On or near Carrick Strand,Shoplifting
54.597057,-5.926512,On or near Montgomery Street,Shoplifting
54.542797,-5.484385,On or near Greyabbey Road,Shoplifting
54.868316,-6.275554,On or near Thomas Street,Shoplifting
54.716799,-6.212964,On or near ,Shoplifting
54.349701,-6.274417,On or near Scarva Street,Shoplifting
54.335889,-6.276779,On or near Bannview Mews,Shoplifting
54.436319,-6.300138,On or near Oaktree Manor,Shoplifting
54.676937,-5.972367,On or near Antrim Road,Shoplifting
54.584617,-5.702485,On or near Jubilee Road,Shoplifting
54.597496,-5.924849,On or near Seymour Street,Shoplifting
54.172289,-6.340574,On or near ,Shoplifting
54.654902,-5.919676,On or near Longwood Road,Shoplifting
54.819472,-7.474344,On or near Lisnafin Park,Shoplifting
54.595493,-5.872153,On or near Kerrsland Parade,Shoplifting
54.563829,-5.910804,On or near Saintfield Road,Shoplifting
55.013179,-7.317437,On or near Pennyburn Court,Shoplifting
54.175566,-6.337119,On or near ,Shoplifting
54.597496,-5.924849,On or near Seymour Street,Shoplifting
54.823564,-7.467088,On or near Bridge Street,Shoplifting
54.654492,-5.917791,On or near Longwood Road,Shoplifting
55.022835,-7.312676,On or near Greenhaw Road,Shoplifting
55.132495,-6.668697,On or near Church Lane,Shoplifting
54.563829,-5.910804,On or near Saintfield Road,Shoplifting
54.530078,-5.895581,On or near Saintfield Road,Shoplifting
54.608794,-5.928221,On or near Earl Close,Shoplifting
54.859136,-6.269966,On or near Moat Road,Shoplifting
54.857385,-6.261242,On or near Meadowvale,Shoplifting
54.730643,-6.231916,On or near ,Shoplifting
54.59748,-7.309466,On or near Railway Terrace,Shoplifting
54.989356,-7.29533,On or near ,Shoplifting
54.600173,-5.934292,On or near Berry Street,Shoplifting
54.34701,-6.267193,On or near Rathfriland Street,Shoplifting
54.423491,-6.444285,On or near ,Shoplifting
54.599424,-5.930446,On or near Royal Avenue,Shoplifting
54.599424,-5.930446,On or near Royal Avenue,Shoplifting
54.654492,-5.917791,On or near Longwood Road,Shoplifting
54.594568,-5.934406,On or near Great Victoria Street,Shoplifting
54.176915,-6.341752,On or near Monaghan Street,Shoplifting
54.597496,-5.924849,On or near Seymour Street,Shoplifting
55.028667,-7.34737,On or near Temple Court,Shoplifting
54.868688,-6.275819,On or near Thomas Street,Shoplifting
54.10655,-5.902357,On or near Ulster Avenue,Shoplifting
54.214125,-5.887385,On or near Donard Place,Shoplifting
55.030909,-7.328458,On or near Knockalla Park,Shoplifting
54.345485,-7.63961,On or near Paget Square,Shoplifting
54.344887,-7.640938,On or near Paget Square,Shoplifting
54.064688,-6.001698,On or near Rooney Road,Shoplifting
54.996266,-7.321006,On or near Castle Street,Shoplifting
54.62002,-5.856241,On or near Glendarragh Mews,Shoplifting
54.182189,-6.332671,On or near Downshire Road,Shoplifting
55.007131,-7.320197,On or near Rock Terrace,Shoplifting
54.868688,-6.275819,On or near Thomas Street,Shoplifting
54.593802,-5.801218,On or near Burton Avenue,Shoplifting
54.608794,-5.928221,On or near Earl Close,Shoplifting
54.598036,-5.931754,On or near Fountain Street,Shoplifting
54.511284,-6.046705,On or near Bow Street,Shoplifting
54.714003,-5.813928,On or near ,Shoplifting
54.600173,-5.934292,On or near Berry Street,Shoplifting
54.576088,-6.005713,On or near Shaws Road,Shoplifting
54.867064,-6.274673,On or near Ballymoney Street,Shoplifting
54.714003,-5.813928,On or near ,Shoplifting
54.716207,-7.553452,On or near Oakland Mews,Shoplifting
55.131689,-6.669696,On or near New Row,Shoplifting
54.716207,-7.553452,On or near Oakland Mews,Shoplifting
54.599424,-5.930446,On or near Royal Avenue,Shoplifting
54.346538,-6.654112,On or near Thomas Street,Shoplifting
54.600378,-5.92577,On or near Church Lane,Shoplifting
54.598833,-7.310418,On or near Great Northern Road,Shoplifting
54.347367,-6.653563,On or near Scotch Street,Shoplifting
54.62002,-5.856241,On or near Glendarragh Mews,Shoplifting
54.608794,-5.928221,On or near Earl Close,Shoplifting
54.576879,-5.955671,On or near Great Northern Street,Theft from the person
55.0499,-6.952247,On or near Catherine Street,Theft from the person
54.593507,-5.931179,On or near Bedford Street,Theft from the person
54.590706,-5.904168,On or near ,Theft from the person
54.591645,-5.932635,On or near Ventry Street,Theft from the person
54.589437,-5.934882,On or near Donegall Road,Theft from the person
55.133056,-6.664947,On or near Railway Road,Theft from the person
55.132227,-6.671293,On or near ,Theft from the person
54.664573,-5.913059,On or near ,Theft from the person
54.597875,-5.890692,On or near East Bread Street,Theft from the person
54.568595,-5.966384,On or near Balmoral Avenue,Theft from the person
54.597014,-5.92769,On or near ,Theft from the person
54.599505,-5.926248,On or near Pottingers Entry,Theft from the person
54.592767,-5.968135,On or near Ard Na Va Road,Theft from the person
54.617462,-5.955571,On or near Jamaica Road,Theft from the person
54.865182,-6.281327,On or near Smithfield Place,Theft from the person
54.590706,-5.904168,On or near ,Theft from the person
54.587762,-5.895052,On or near Castlereagh Road,Theft from the person
54.600173,-5.934292,On or near Berry Street,Theft from the person
54.595727,-5.955547,On or near ,Theft from the person
54.597923,-5.927783,On or near Arthur Place,Theft from the person
55.001221,-7.323641,On or near Clarendon Street,Theft from the person
55.005689,-7.321003,On or near Fletcher Avenue,Theft from the person
54.594157,-5.699039,On or near Regent Street,Theft from the person
54.602454,-5.925804,On or near Dunbar Street,Theft from the person
54.598533,-5.930305,On or near Donegall Place,Theft from the person
54.608029,-5.936572,On or near Annesley Street,Theft from the person
54.596012,-5.923238,On or near ,Vehicle crime
54.58599,-5.790654,On or near Longstone Way,Vehicle crime
54.579496,-5.941,On or near Windsor Avenue North,Vehicle crime
54.50169,-5.78968,On or near ,Vehicle crime
54.580274,-5.925539,On or near Delhi Street,Vehicle crime
54.603588,-5.933779,On or near ,Vehicle crime
54.417118,-6.421203,On or near Mayesfield Villas,Vehicle crime
54.4097,-6.503999,On or near Battlehill Road,Vehicle crime
54.588575,-7.299562,On or near Coolnagard Heights,Vehicle crime
54.672883,-5.909904,On or near Station Road,Vehicle crime
54.561572,-6.027866,On or near Laurelbank,Vehicle crime
54.309972,-6.563748,On or near Mountnab Road,Vehicle crime
54.402993,-7.419527,On or near Glengesh Road,Vehicle crime
54.584756,-5.928591,On or near Carmel Street,Vehicle crime
54.579496,-5.941,On or near Windsor Avenue North,Vehicle crime
54.742167,-6.237284,On or near ,Vehicle crime
54.713397,-5.812703,On or near ,Vehicle crime
54.721897,-6.227299,On or near Coral Crescent,Vehicle crime
54.109522,-6.20488,On or near Drumreagh Park,Vehicle crime
54.694741,-5.865409,On or near ,Vehicle crime
54.418352,-7.11184,On or near Derrycloony Road,Vehicle crime
54.579496,-5.941,On or near Windsor Avenue North,Vehicle crime
55.02418,-7.173651,On or near Mill Path,Vehicle crime
54.566484,-5.930384,On or near Sharman Drive,Vehicle crime
54.841091,-7.449378,On or near Grangewood,Vehicle crime
54.503257,-6.765963,On or near Northland Row,Vehicle crime
54.378696,-6.366178,On or near Lurgan Road,Vehicle crime
54.846449,-6.712135,On or near Glen Road,Violence and sexual offences
54.1348,-6.307372,On or near Warrenpoint Road,Violence and sexual offences
54.580485,-5.993975,On or near Coolnasilla Park East,Violence and sexual offences
54.553654,-6.000904,On or near Barbour Gardens,Violence and sexual offences
54.664013,-5.920233,On or near Barna Square,Violence and sexual offences
54.346677,-6.271575,On or near Old Kenlis Street,Violence and sexual offences
54.616461,-5.958563,On or near Etna Drive,Violence and sexual offences
55.069527,-6.490401,On or near Carnany Drive,Violence and sexual offences
54.664013,-5.920233,On or near Barna Square,Violence and sexual offences
54.664013,-5.920233,On or near Barna Square,Violence and sexual offences
54.60009,-5.903329,On or near St. Patricks Walk,Violence and sexual offences
54.573176,-5.991581,On or near Andersonstown Road,Violence and sexual offences
54.589165,-5.901849,On or near Willowfield Parade,Violence and sexual offences
54.346677,-6.271575,On or near Old Kenlis Street,Violence and sexual offences
54.85133,-5.81292,On or near ,Violence and sexual offences
54.589165,-5.901849,On or near Willowfield Parade,Violence and sexual offences
54.576072,-6.67679,On or near Hillhead,Violence and sexual offences
54.346677,-6.271575,On or near Old Kenlis Street,Violence and sexual offences
54.601179,-5.92641,On or near Hill Street,Violence and sexual offences
54.588114,-5.71725,On or near Old Belfast Road,Violence and sexual offences
54.475956,-7.634993,On or near Hillcrest Drive,Violence and sexual offences
54.616331,-5.939744,On or near Brookhill Avenue,Violence and sexual offences
54.995944,-7.31798,On or near Foyle Street,Violence and sexual offences
54.52879,-6.077755,On or near Islandkelly Park,Violence and sexual offences
54.826979,-7.463449,On or near Castle Street,Violence and sexual offences
55.203056,-6.266813,On or near White Hall Place,Violence and sexual offences
54.470538,-7.634594,On or near Castle Street,Violence and sexual offences
54.52879,-6.077755,On or near Islandkelly Park,Violence and sexual offences
54.515452,-7.833621,On or near Boa Island Road,Violence and sexual offences
54.468316,-6.367466,On or near Silverwood Leaves,Violence and sexual offences
54.995944,-7.31798,On or near Foyle Street,Violence and sexual offences
55.117859,-6.631944,On or near Windyhall Park,Violence and sexual offences
54.600625,-5.924968,On or near High Street,Violence and sexual offences
54.643804,-5.657455,On or near ,Violence and sexual offences
54.419942,-6.449858,On or near Craigavon Avenue,Violence and sexual offences
55.146798,-6.771472,On or near Rockmount Gardens,Violence and sexual offences
54.598548,-5.949153,On or near ,Violence and sexual offences
54.601597,-5.93032,On or near North Street,Violence and sexual offences
54.353443,-6.65461,On or near Lonsdale Road,Violence and sexual offences
54.60802,-5.94134,On or near Florence Court,Violence and sexual offences
54.358866,-7.629095,On or near Drumbeg,Other crime
54.555935,-6.037043,On or near White Rise,Other crime
54.992309,-7.281092,On or near Sevenoaks,Other crime