Lat,Long,District,Decision
53.29565285,-6.260654429,Dun Laoghaire Rathdown,GRANT PERMISSION
53.28036061,-6.141088361,Dun Laoghaire Rathdown,GRANT PERMISSION FOR RETENTION
53.26826402,-6.229464911,Dun Laoghaire Rathdown,WITHDRAW THE APPLICATION
53.29388034,-6.251335322,Dun Laoghaire Rathdown,GRANT PERMISSION
53.26209213,-6.170132482,Dun Laoghaire Rathdown,GRANT PERMISSION
53.23671025,-6.130960795,Dun Laoghaire Rathdown,GRANT PERMISSION
53.28817427,-6.256875578,Dun Laoghaire Rathdown,GRANT PERMISSION
53.29346173,-6.147595942,Dun Laoghaire Rathdown,GRANT PERMISSION
53.30736557,-6.196467623,Dun Laoghaire Rathdown,GRANT PERMISSION
53.24189581,-6.122428875,Dun Laoghaire Rathdown,GRANT PERMISSION
53.2696724,-6.158814109,Dun Laoghaire Rathdown,GRANT PERMISSION
53.25028474,-6.216440539,Dun Laoghaire Rathdown,GRANT PERMISSION FOR RETENTION
53.27193573,-6.129524405,Dun Laoghaire Rathdown,GRANT PERMISSION FOR RETENTION
53.30765549,-6.235653602,Dun Laoghaire Rathdown,GRANT PERMISSION FOR RETENTION
53.28188067,-6.154826421,Dun Laoghaire Rathdown,DECLARE APPLICATION WITHDRAWN
53.25112531,-6.120482945,Dun Laoghaire Rathdown,GRANT PERMISSION
53.27766404,-6.260118489,Dun Laoghaire Rathdown,GRANT PERMISSION
53.23858234,-6.192813849,Dun Laoghaire Rathdown,REFUSE PERMISSION
53.27791047,-6.162846172,Dun Laoghaire Rathdown,GRANT PERMISSION
53.27780912,-6.108391519,Dun Laoghaire Rathdown,REFUSE PERMISSION
53.25805428,-6.291212039,Dun Laoghaire Rathdown,GRANT PERMISSION
53.28691354,-6.135202818,Dun Laoghaire Rathdown,REFUSE PERMISSION
53.2454945,-6.185346949,Dun Laoghaire Rathdown,GRANT PERMISSION
53.29717454,-6.245045926,Dun Laoghaire Rathdown,GRANT PERMISSION
53.27065177,-6.225468426,Dun Laoghaire Rathdown,REFUSE PERMISSION
53.27324555,-6.24569693,Dun Laoghaire Rathdown,GRANT PERMISSION
53.28180874,-6.114126109,Dun Laoghaire Rathdown,GRANT PERMISSION
53.24840054,-6.254415042,Dun Laoghaire Rathdown,GRANT PERMISSION
53.26484539,-6.145989841,Dun Laoghaire Rathdown,GRANT PERMISSION
53.29477361,-6.131138986,Dun Laoghaire Rathdown,REFUSE PERMISSION
53.29125227,-6.163505452,Dun Laoghaire Rathdown,GRANT PERMISSION
53.22595183,-6.124424318,Dun Laoghaire Rathdown,GRANT PERMISSION
53.22595183,-6.124424318,Dun Laoghaire Rathdown,GRANT PERMISSION
53.27310386,-6.095525007,Dun Laoghaire Rathdown,GRANT PERMISSION
53.2581613,-6.115420448,Dun Laoghaire Rathdown,GRANT PERMISSION
53.27848388,-6.163144455,Dun Laoghaire Rathdown,GRANT PERMISSION
53.2954575,-6.152537911,Dun Laoghaire Rathdown,GRANT PERMISSION
53.28455066,-6.200916984,Dun Laoghaire Rathdown,GRANT PERMISSION
53.29329573,-6.178892097,Dun Laoghaire Rathdown,GRANT PERMISSION
53.28033337,-6.248667996,Dun Laoghaire Rathdown,GRANT PERMISSION
53.2803458,-6.248536703,Dun Laoghaire Rathdown,GRANT PERMISSION
53.27399574,-6.130280538,Dun Laoghaire Rathdown,GRANT PERMISSION
53.23322172,-6.163904487,Dun Laoghaire Rathdown,GRANT PERMISSION
53.2867557,-6.127333805,Dun Laoghaire Rathdown,GRANT PERMISSION
53.28234364,-6.139340448,Dun Laoghaire Rathdown,GRANT PERMISSION
53.28651208,-6.131184147,Dun Laoghaire Rathdown,GRANT PERMISSION
53.28869633,-6.244207801,Dun Laoghaire Rathdown,GRANT PERMISSION FOR RETENTION
53.29955256,-6.173004674,Dun Laoghaire Rathdown,GRANT PERMISSION
53.28926991,-6.213846991,Dun Laoghaire Rathdown,GRANT PERMISSION
53.29221308,-6.178019463,Dun Laoghaire Rathdown,GRANT PERMISSION
53.21156353,-6.116526487,Dun Laoghaire Rathdown,GRANT PERMISSION
53.28844746,-6.158171034,Dun Laoghaire Rathdown,GRANT PERMISSION
53.27410206,-6.100291087,Dun Laoghaire Rathdown,GRANT PERMISSION
53.28102936,-6.134472555,Dun Laoghaire Rathdown,GRANT PERMISSION
53.28832456,-6.155425677,Dun Laoghaire Rathdown,GRANT PERMISSION
53.27947834,-6.134730237,Dun Laoghaire Rathdown,DECLARE APPLICATION WITHDRAWN
53.29576012,-6.202326413,Dun Laoghaire Rathdown,GRANT PERMISSION
53.29438095,-6.143199246,Dun Laoghaire Rathdown,GRANT PERMISSION
53.26376248,-6.168731542,Dun Laoghaire Rathdown,GRANT PERMISSION
53.24222059,-6.125584152,Dun Laoghaire Rathdown,GRANT PERMISSION
53.27213915,-6.104220097,Dun Laoghaire Rathdown,GRANT PERMISSION
53.27889751,-6.139326746,Dun Laoghaire Rathdown,GRANT PERMISSION & REFUSE PERMISSION
53.2805562,-6.128312203,Dun Laoghaire Rathdown,GRANT PERMISSION
53.27564688,-6.113129826,Dun Laoghaire Rathdown,GRANT PERMISSION
53.28876582,-6.239404518,Dun Laoghaire Rathdown,GRANT PERMISSION
53.29795947,-6.183713978,Dun Laoghaire Rathdown,GRANT PERMISSION
53.29046318,-6.149186821,Dun Laoghaire Rathdown,GRANT PERMISSION
53.27593951,-6.13575992,Dun Laoghaire Rathdown,GRANT PERMISSION
53.3140052,-6.235032983,Dun Laoghaire Rathdown,GRANT PERMISSION
53.29459172,-6.153592915,Dun Laoghaire Rathdown,GRANT PERMISSION
53.29170315,-6.176671752,Dun Laoghaire Rathdown,GRANT PERMISSION
53.27912073,-6.266054141,Dun Laoghaire Rathdown,GRANT PERMISSION
53.280851,-6.177254232,Dun Laoghaire Rathdown,GRANT PERMISSION
53.29798273,-6.246246469,Dun Laoghaire Rathdown,REFUSE PERMISSION
53.23535199,-6.190781853,Dun Laoghaire Rathdown,GRANT PERMISSION
53.30097146,-6.173277033,Dun Laoghaire Rathdown,GRANT PERMISSION
53.30287444,-6.234625621,Dun Laoghaire Rathdown,GRANT PERMISSION
53.27436237,-6.170084006,Dun Laoghaire Rathdown,GRANT PERMISSION
53.2892228,-6.129446295,Dun Laoghaire Rathdown,GRANT PERMISSION
53.27305202,-6.16837318,Dun Laoghaire Rathdown,GRANT PERMISSION
53.30179472,-6.260934408,Dun Laoghaire Rathdown,GRANT PERMISSION
53.27121568,-6.202764066,Dun Laoghaire Rathdown,GRANT PERMISSION
53.27906721,-6.121411392,Dun Laoghaire Rathdown,GRANT PERMISSION
53.2115787,-6.11341164,Dun Laoghaire Rathdown,GRANT PERMISSION
53.30749894,-6.19717142,Dun Laoghaire Rathdown,GRANT PERMISSION
53.2855537,-6.201575875,Dun Laoghaire Rathdown,GRANT PERMISSION
53.28569252,-6.170538425,Dun Laoghaire Rathdown,GRANT PERMISSION
53.3044251,-6.264564022,Dun Laoghaire Rathdown,GRANT PERMISSION
53.28900852,-6.237413626,Dun Laoghaire Rathdown,GRANT PERMISSION
53.27983161,-6.16520575,Dun Laoghaire Rathdown,GRANT PERMISSION
53.30494601,-6.261360252,Dun Laoghaire Rathdown,REFUSE PERMISSION
53.28909984,-6.142507607,Dun Laoghaire Rathdown,GRANT PERMISSION
53.23501477,-6.122042971,Dun Laoghaire Rathdown,GRANT PERMISSION
53.22600254,-6.169584664,Dun Laoghaire Rathdown,GRANT PERMISSION
53.28861972,-6.259608753,Dun Laoghaire Rathdown,GRANT PERMISSION
53.28982176,-6.168025548,Dun Laoghaire Rathdown,GRANT PERMISSION
53.29222508,-6.167293664,Dun Laoghaire Rathdown,GRANT PERMISSION
53.28931832,-6.139411093,Dun Laoghaire Rathdown,GRANT PERMISSION
53.29358946,-6.139872303,Dun Laoghaire Rathdown,REFUSE PERMISSION
53.28389242,-6.248544091,Dun Laoghaire Rathdown,GRANT PERMISSION
53.29908916,-6.259617963,Dun Laoghaire Rathdown,GRANT PERMISSION
53.2725231,-6.103864102,Dun Laoghaire Rathdown,GRANT PERMISSION
53.28758667,-6.114471777,Dun Laoghaire Rathdown,GRANT PERMISSION
53.26522643,-6.154744597,Dun Laoghaire Rathdown,GRANT PERMISSION
53.2923732,-6.148416251,Dun Laoghaire Rathdown,GRANT PERMISSION
53.27490201,-6.245011399,Dun Laoghaire Rathdown,GRANT PERMISSION
53.30419754,-6.225953541,Dun Laoghaire Rathdown,GRANT PERMISSION
53.28618293,-6.141945855,Dun Laoghaire Rathdown,GRANT PERMISSION
53.30677159,-6.25360559,Dun Laoghaire Rathdown,GRANT PERMISSION
53.27770557,-6.211043064,Dun Laoghaire Rathdown,GRANT PERMISSION
53.27647147,-6.17699748,Dun Laoghaire Rathdown,GRANT PERMISSION
53.29773378,-6.226789378,Dun Laoghaire Rathdown,GRANT PERMISSION
53.27518282,-6.15529258,Dun Laoghaire Rathdown,GRANT PERMISSION
53.28443192,-6.162395243,Dun Laoghaire Rathdown,GRANT PERMISSION
53.26828535,-6.260232507,Dun Laoghaire Rathdown,GRANT PERMISSION
53.25419707,-6.140152684,Dun Laoghaire Rathdown,GRANT PERMISSION
53.28364987,-6.111744036,Dun Laoghaire Rathdown,GRANT PERMISSION
53.27646578,-6.130362371,Dun Laoghaire Rathdown,GRANT PERMISSION
53.28765312,-6.176398138,Dun Laoghaire Rathdown,GRANT PERMISSION
53.2868389,-6.214735743,Dun Laoghaire Rathdown,GRANT PERMISSION
53.27561349,-6.10485022,Dun Laoghaire Rathdown,GRANT PERMISSION
53.29297316,-6.138249262,Dun Laoghaire Rathdown,GRANT PERMISSION
53.27124559,-6.257560625,Dun Laoghaire Rathdown,GRANT PERMISSION
53.26153985,-6.144510065,Dun Laoghaire Rathdown,GRANT PERMISSION
53.28793221,-6.112788839,Dun Laoghaire Rathdown,GRANT PERMISSION
53.2760328,-6.191735182,Dun Laoghaire Rathdown,GRANT PERMISSION
53.23751857,-6.156719214,Dun Laoghaire Rathdown,GRANT PERMISSION
53.24087269,-6.18716353,Dun Laoghaire Rathdown,GRANT PERMISSION
53.30322772,-6.187928346,Dun Laoghaire Rathdown,GRANT PERMISSION
53.2936989,-6.143194368,Dun Laoghaire Rathdown,GRANT PERMISSION
53.28833616,-6.254750388,Dun Laoghaire Rathdown,GRANT PERMISSION
53.29384374,-6.164331724,Dun Laoghaire Rathdown,GRANT PERMISSION
53.26874786,-6.153491234,Dun Laoghaire Rathdown,GRANT PERMISSION
53.28019888,-6.140849432,Dun Laoghaire Rathdown,GRANT PERMISSION
53.28401884,-6.149596235,Dun Laoghaire Rathdown,GRANT PERMISSION
53.27652631,-6.235038457,Dun Laoghaire Rathdown,DECLARE INVALID (SITE NOTICE)
53.27114336,-6.144147701,Dun Laoghaire Rathdown,DECLARE INVALID (SITE NOTICE)
53.2691342,-6.122460149,Dun Laoghaire Rathdown,REFUSE PERMISSION
53.25827777,-6.212573023,Dun Laoghaire Rathdown,GRANT PERMISSION
53.26390579,-6.141370255,Dun Laoghaire Rathdown,GRANT PERMISSION
53.24793532,-6.123578538,Dun Laoghaire Rathdown,GRANT PERMISSION
53.28757331,-6.128860537,Dun Laoghaire Rathdown,GRANT PERMISSION
53.27495497,-6.118831931,Dun Laoghaire Rathdown,GRANT PERMISSION
53.29631744,-6.238196633,Dun Laoghaire Rathdown,GRANT PERMISSION
53.29156463,-6.246396292,Dun Laoghaire Rathdown,GRANT PERMISSION
53.27481365,-6.132966523,Dun Laoghaire Rathdown,GRANT PERMISSION
53.30536322,-6.220472463,Dun Laoghaire Rathdown,GRANT PERMISSION
53.25429596,-6.125894241,Dun Laoghaire Rathdown,REFUSE PERMISSION
53.29609297,-6.2603971,Dun Laoghaire Rathdown,GRANT PERMISSION FOR RETENTION
53.28619809,-6.113581633,Dun Laoghaire Rathdown,GRANT PERMISSION
53.27078124,-6.102533805,Dun Laoghaire Rathdown,REFUSE PERMISSION
53.29328674,-6.202769412,Dun Laoghaire Rathdown,GRANT PERMISSION
53.28487972,-6.25343738,Dun Laoghaire Rathdown,GRANT PERMISSION
53.29153432,-6.150877457,Dun Laoghaire Rathdown,GRANT PERMISSION
53.29737609,-6.224425679,Dun Laoghaire Rathdown,GRANT PERMISSION
53.29596654,-6.165962218,Dun Laoghaire Rathdown,GRANT PERMISSION
53.28415218,-6.171060783,Dun Laoghaire Rathdown,GRANT PERMISSION
53.26107081,-6.175527125,Dun Laoghaire Rathdown,GRANT PERMISSION
53.27519316,-6.098375088,Dun Laoghaire Rathdown,GRANT PERMISSION
53.29228291,-6.257233691,Dun Laoghaire Rathdown,REFUSE PERMISSION FOR RETENTION
53.22595219,-6.124447297,Dun Laoghaire Rathdown,GRANT PERMISSION
53.24557924,-6.188946604,Dun Laoghaire Rathdown,REFUSE PERMISSION
53.29161858,-6.206685416,Dun Laoghaire Rathdown,REFUSE PERMISSION
53.22747173,-6.161082494,Dun Laoghaire Rathdown,GRANT PERMISSION
53.24191327,-6.222919271,Dun Laoghaire Rathdown,GRANT PERMISSION
53.294279,-6.264729837,Dun Laoghaire Rathdown,GRANT PERMISSION
53.2760427,-6.185405495,Dun Laoghaire Rathdown,GRANT PERMISSION
53.2724082,-6.137216522,Dun Laoghaire Rathdown,GRANT PERMISSION
53.29105636,-6.129018421,Dun Laoghaire Rathdown,GRANT PERMISSION
53.24516738,-6.117420531,Dun Laoghaire Rathdown,GRANT PERMISSION
53.30019856,-6.247534686,Dun Laoghaire Rathdown,GRANT PERMISSION
53.28742069,-6.217266959,Dun Laoghaire Rathdown,REFUSE PERMISSION
53.27299287,-6.246667069,Dun Laoghaire Rathdown,GRANT PERMISSION
53.28589657,-6.204906294,Dun Laoghaire Rathdown,GRANT PERMISSION
53.26048569,-6.133482043,Dun Laoghaire Rathdown,REFUSE PERMISSION
53.29743981,-6.213853774,Dun Laoghaire Rathdown,GRANT PERMISSION
53.25985331,-6.197975781,Dun Laoghaire Rathdown,GRANT PERMISSION
53.29926031,-6.265329795,Dun Laoghaire Rathdown,GRANT PERMISSION
53.20841151,-6.12004742,Dun Laoghaire Rathdown,GRANT PERMISSION
53.28850383,-6.152312878,Dun Laoghaire Rathdown,GRANT PERMISSION
53.29627974,-6.203108729,Dun Laoghaire Rathdown,REFUSE PERMISSION
53.30068111,-6.26663952,Dun Laoghaire Rathdown,GRANT PERMISSION
53.2677033,-6.174573778,Dun Laoghaire Rathdown,GRANT PERMISSION
53.28993791,-6.200804806,Dun Laoghaire Rathdown,GRANT PERMISSION
53.29307714,-6.153402257,Dun Laoghaire Rathdown,GRANT PERMISSION
53.30681032,-6.209872162,Dun Laoghaire Rathdown,REFUSE PERMISSION
53.30075627,-6.174548548,Dun Laoghaire Rathdown,GRANT PERMISSION
53.29377349,-6.13500965,Dun Laoghaire Rathdown,GRANT PERMISSION FOR RETENTION
53.29108106,-6.180467167,Dun Laoghaire Rathdown,GRANT PERMISSION
53.30363446,-6.23999106,Dun Laoghaire Rathdown,GRANT PERMISSION
53.27891208,-6.227115662,Dun Laoghaire Rathdown,GRANT PERMISSION
53.26137241,-6.204072946,Dun Laoghaire Rathdown,REFUSE PERMISSION FOR RETENTION
53.26853208,-6.173764815,Dun Laoghaire Rathdown,REFUSE PERMISSION
53.30062396,-6.171561465,Dun Laoghaire Rathdown,GRANT PERMISSION
53.30228746,-6.264787157,Dun Laoghaire Rathdown,GRANT PERMISSION
53.2506979,-6.219510136,Dun Laoghaire Rathdown,GRANT PERMISSION
53.23689049,-6.128132365,Dun Laoghaire Rathdown,REFUSE PERMISSION
53.29572587,-6.158482216,Dun Laoghaire Rathdown,DECLARE INVALID (SITE NOTICE)
53.29251336,-6.244946771,Dun Laoghaire Rathdown,GRANT PERMISSION
53.27331788,-6.254354023,Dun Laoghaire Rathdown,GRANT PERMISSION
53.2884474,-6.209667462,Dun Laoghaire Rathdown,GRANT PERMISSION FOR RETENTION
53.25892706,-6.12796072,Dun Laoghaire Rathdown,GRANT PERMISSION
53.27296383,-6.1019452,Dun Laoghaire Rathdown,GRANT PERMISSION
53.27783805,-6.21755386,Dun Laoghaire Rathdown,GRANT PERMISSION & REFUSE PERMISSION
53.2847342,-6.118610412,Dun Laoghaire Rathdown,GRANT PERMISSION
53.30767647,-6.192439878,Dun Laoghaire Rathdown,REFUSE PERMISSION FOR RETENTION
53.28002261,-6.199800843,Dun Laoghaire Rathdown,GRANT PERMISSION
53.29865771,-6.17762729,Dun Laoghaire Rathdown,GRANT PERMISSION
53.29675478,-6.20825667,Dun Laoghaire Rathdown,GRANT PERMISSION
53.29914751,-6.260920106,Dun Laoghaire Rathdown,GRANT PERMISSION
53.30679562,-6.249177841,Dun Laoghaire Rathdown,GRANT PERMISSION
53.29341444,-6.261831058,Dun Laoghaire Rathdown,GRANT PERMISSION
53.29606278,-6.212821298,Dun Laoghaire Rathdown,GRANT PERMISSION
53.29272856,-6.137664732,Dun Laoghaire Rathdown,GRANT PERMISSION
53.2780116,-6.195794844,Dun Laoghaire Rathdown,GRANT PERMISSION
53.20808451,-6.119826909,Dun Laoghaire Rathdown,GRANT PERMISSION
53.28558019,-6.218310645,Dun Laoghaire Rathdown,GRANT PERMISSION
53.2849138,-6.125958715,Dun Laoghaire Rathdown,GRANT PERMISSION
53.27647147,-6.176997193,Dun Laoghaire Rathdown,GRANT PERMISSION
53.28701427,-6.266692057,Dun Laoghaire Rathdown,REFUSE PERMISSION
53.2878176,-6.130512434,Dun Laoghaire Rathdown,GRANT PERMISSION
53.29060178,-6.200380414,Dun Laoghaire Rathdown,WITHDRAW THE APPLICATION
53.29959233,-6.180935906,Dun Laoghaire Rathdown,REFUSE PERMISSION FOR RETENTION
53.27595818,-6.181457444,Dun Laoghaire Rathdown,GRANT PERMISSION
53.29763864,-6.20142091,Dun Laoghaire Rathdown,GRANT PERMISSION
53.29238316,-6.191602962,Dun Laoghaire Rathdown,GRANT PERMISSION
53.28917936,-6.193826233,Dun Laoghaire Rathdown,GRANT PERMISSION
53.27490688,-6.114248912,Dun Laoghaire Rathdown,GRANT PERMISSION
53.28382039,-6.262098036,Dun Laoghaire Rathdown,REFUSE PERMISSION
53.2896772,-6.133157668,Dun Laoghaire Rathdown,GRANT PERMISSION
53.27439541,-6.190859893,Dun Laoghaire Rathdown,GRANT PERMISSION FOR RETENTION
53.310809,-6.207777372,Dun Laoghaire Rathdown,GRANT PERMISSION
53.3007989,-6.234567771,Dun Laoghaire Rathdown,GRANT PERMISSION
53.258255,-6.159818957,Dun Laoghaire Rathdown,GRANT PERMISSION
53.30412689,-6.251574334,Dun Laoghaire Rathdown,REFUSE PERMISSION
53.25594603,-6.132940344,Dun Laoghaire Rathdown,DECLARE APPLICATION INVALID
53.28480029,-6.123998209,Dun Laoghaire Rathdown,GRANT PERMISSION
53.2656255,-6.19594724,Dun Laoghaire Rathdown,GRANT PERMISSION
53.29189383,-6.135883476,Dun Laoghaire Rathdown,GRANT PERMISSION
53.27711314,-6.117404462,Dun Laoghaire Rathdown,REFUSE PERMISSION FOR RETENTION
53.26175603,-6.20194186,Dun Laoghaire Rathdown,GRANT PERMISSION
53.25812128,-6.219513154,Dun Laoghaire Rathdown,REFUSE PERMISSION FOR RETENTION
53.30864071,-6.23770969,Dun Laoghaire Rathdown,GRANT PERMISSION
53.25808265,-6.188762722,Dun Laoghaire Rathdown,DECLARE INVALID (SITE NOTICE)
53.26504354,-6.154293373,Dun Laoghaire Rathdown,REFUSE PERMISSION
53.28794222,-6.209104443,Dun Laoghaire Rathdown,GRANT PERMISSION
53.28581776,-6.117822813,Dun Laoghaire Rathdown,GRANT PERMISSION
53.28313418,-6.182945674,Dun Laoghaire Rathdown,GRANT PERMISSION & REFUSE PERMISSION
53.25980696,-6.232863857,Dun Laoghaire Rathdown,GRANT PERMISSION
53.29221654,-6.27214705,Dun Laoghaire Rathdown,DECLARE INVALID (SITE NOTICE)
53.28747744,-6.228195763,Dun Laoghaire Rathdown,GRANT PERMISSION
53.27922614,-6.107378678,Dun Laoghaire Rathdown,GRANT PERMISSION
53.30872166,-6.223735871,Dun Laoghaire Rathdown,GRANT PERMISSION
53.27752047,-6.104244362,Dun Laoghaire Rathdown,GRANT PERMISSION
53.25398349,-6.117596772,Dun Laoghaire Rathdown,GRANT PERMISSION
53.23256994,-6.120752169,Dun Laoghaire Rathdown,GRANT PERMISSION
53.2935561,-6.216248641,Dun Laoghaire Rathdown,GRANT PERMISSION
53.27358018,-6.135229514,Dun Laoghaire Rathdown,GRANT PERMISSION
53.30036628,-6.247425224,Dun Laoghaire Rathdown,GRANT PERMISSION
53.28452428,-6.135668698,Dun Laoghaire Rathdown,GRANT PERMISSION
53.28607391,-6.155694006,Dun Laoghaire Rathdown,GRANT PERMISSION
53.28757681,-6.119015194,Dun Laoghaire Rathdown,GRANT PERMISSION
53.2802811,-6.250324687,Dun Laoghaire Rathdown,GRANT PERMISSION
53.28491003,-6.121955322,Dun Laoghaire Rathdown,WITHDRAW THE APPLICATION
53.27536313,-6.114164326,Dun Laoghaire Rathdown,GRANT PERMISSION
53.27630579,-6.115285045,Dun Laoghaire Rathdown,GRANT PERMISSION
53.28484534,-6.254651888,Dun Laoghaire Rathdown,GRANT PERMISSION
53.28236365,-6.271450523,Dun Laoghaire Rathdown,GRANT PERMISSION
53.2763655,-6.165681435,Dun Laoghaire Rathdown,GRANT PERMISSION
53.25950726,-6.112501128,Dun Laoghaire Rathdown,REFUSE PERMISSION
53.21184765,-6.217027427,Dun Laoghaire Rathdown,REFUSE PERMISSION FOR RETENTION
53.25291766,-6.16422758,Dun Laoghaire Rathdown,REFUSE PERMISSION FOR RETENTION
53.2766218,-6.249970055,Dun Laoghaire Rathdown,GRANT PERMISSION FOR RETENTION
53.25825912,-6.219481563,Dun Laoghaire Rathdown,REFUSE PERMISSION FOR RETENTION
53.27348835,-6.155537449,Dun Laoghaire Rathdown,GRANT PERMISSION
53.22969645,-6.124432726,Dun Laoghaire Rathdown,REFUSE PERMISSION
53.29565231,-6.260654568,Dun Laoghaire Rathdown,GRANT PERMISSION & REFUSE PERMISSION
53.30626118,-6.207245351,Dun Laoghaire Rathdown,REFUSE PERMISSION
53.26517744,-6.231486253,Dun Laoghaire Rathdown,REFUSE PERMISSION
53.30471023,-6.224695557,Dun Laoghaire Rathdown,GRANT PERMISSION
53.30419148,-6.218661104,Dun Laoghaire Rathdown,GRANT PERMISSION
53.26476873,-6.173211054,Dun Laoghaire Rathdown,GRANT PERMISSION
53.28891549,-6.169462518,Dun Laoghaire Rathdown,GRANT PERMISSION
53.29750299,-6.187813052,Dun Laoghaire Rathdown,GRANT PERMISSION
53.30073195,-6.171158494,Dun Laoghaire Rathdown,GRANT PERMISSION
53.30131628,-6.222753018,Dun Laoghaire Rathdown,GRANT PERMISSION
53.3081873,-6.198168469,Dun Laoghaire Rathdown,GRANT PERMISSION
53.26730711,-6.135685454,Dun Laoghaire Rathdown,REFUSE PERMISSION
53.2894915,-6.13001662,Dun Laoghaire Rathdown,GRANT PERMISSION
53.23254684,-6.222511436,Dun Laoghaire Rathdown,REFUSE PERMISSION
53.29754733,-6.214376779,Dun Laoghaire Rathdown,GRANT PERMISSION
53.26087729,-6.118545512,Dun Laoghaire Rathdown,GRANT PERMISSION
53.29675518,-6.256990658,Dun Laoghaire Rathdown,REFUSE PERMISSION
53.26698744,-6.157510777,Dun Laoghaire Rathdown,GRANT PERMISSION
53.29837731,-6.2356873,Dun Laoghaire Rathdown,GRANT PERMISSION
53.28932163,-6.155228046,Dun Laoghaire Rathdown,GRANT PERMISSION
53.27442451,-6.141264452,Dun Laoghaire Rathdown,GRANT PERMISSION
53.25158092,-6.1414258,Dun Laoghaire Rathdown,GRANT PERMISSION FOR RETENTION
53.26341995,-6.115393838,Dun Laoghaire Rathdown,REFUSE PERMISSION
53.28895299,-6.157274493,Dun Laoghaire Rathdown,GRANT PERMISSION
53.25717308,-6.177474529,Dun Laoghaire Rathdown,GRANT PERMISSION FOR RETENTION
53.23004946,-6.129233482,Dun Laoghaire Rathdown,GRANT PERMISSION
53.29410653,-6.138618483,Dun Laoghaire Rathdown,GRANT PERMISSION
53.30760119,-6.247195378,Dun Laoghaire Rathdown,GRANT PERMISSION
53.28325805,-6.219487041,Dun Laoghaire Rathdown,GRANT PERMISSION
53.28023587,-6.130150597,Dun Laoghaire Rathdown,GRANT PERMISSION
53.28731124,-6.250953314,Dun Laoghaire Rathdown,GRANT PERMISSION FOR RETENTION
53.29317773,-6.214089583,Dun Laoghaire Rathdown,GRANT PERMISSION
53.28416999,-6.234300551,Dun Laoghaire Rathdown,GRANT PERMISSION FOR RETENTION
53.23168196,-6.128124107,Dun Laoghaire Rathdown,GRANT PERMISSION
53.29606278,-6.212821298,Dun Laoghaire Rathdown,GRANT PERMISSION
53.26919068,-6.233704047,Dun Laoghaire Rathdown,REFUSE PERMISSION
53.27114336,-6.144147701,Dun Laoghaire Rathdown,REFUSE PERMISSION FOR RETENTION
53.29963419,-6.261913285,Dun Laoghaire Rathdown,GRANT PERMISSION
53.28913217,-6.219053838,Dun Laoghaire Rathdown,GRANT PERMISSION
53.28617882,-6.118767342,Dun Laoghaire Rathdown,GRANT PERMISSION
53.29423918,-6.18866966,Dun Laoghaire Rathdown,GRANT PERMISSION
53.30708566,-6.210641072,Dun Laoghaire Rathdown,GRANT PERMISSION
53.28109977,-6.266480089,Dun Laoghaire Rathdown,GRANT PERMISSION
53.27480896,-6.241482522,Dun Laoghaire Rathdown,GRANT PERMISSION
53.268279,-6.118027254,Dun Laoghaire Rathdown,GRANT PERMISSION
53.29053163,-6.177131865,Dun Laoghaire Rathdown,GRANT PERMISSION FOR RETENTION
53.24814708,-6.136937851,Dun Laoghaire Rathdown,GRANT PERMISSION
53.30810182,-6.240252457,Dun Laoghaire Rathdown,REFUSE PERMISSION
53.30996628,-6.24030454,Dun Laoghaire Rathdown,GRANT PERMISSION
53.27593261,-6.098369084,Dun Laoghaire Rathdown,REFUSE PERMISSION
53.27927869,-6.10519305,Dun Laoghaire Rathdown,DECLARE INVALID (SITE NOTICE)
53.27547401,-6.21863728,Dun Laoghaire Rathdown,GRANT PERMISSION
53.27954757,-6.110817368,Dun Laoghaire Rathdown,GRANT PERMISSION
53.26959604,-6.10191858,Dun Laoghaire Rathdown,GRANT PERMISSION
53.29839034,-6.167162381,Dun Laoghaire Rathdown,REFUSE PERMISSION
53.29214989,-6.136331715,Dun Laoghaire Rathdown,GRANT PERMISSION
53.27227219,-6.254464765,Dun Laoghaire Rathdown,GRANT PERMISSION
53.29525781,-6.258850335,Dun Laoghaire Rathdown,REFUSE PERMISSION FOR RETENTION
53.23036898,-6.121498077,Dun Laoghaire Rathdown,REFUSE PERMISSION
53.30881246,-6.235258923,Dun Laoghaire Rathdown,GRANT PERMISSION
53.28243454,-6.176260285,Dun Laoghaire Rathdown,GRANT PERMISSION
53.20804874,-6.123312584,Dun Laoghaire Rathdown,GRANT PERMISSION
53.2892634,-6.253710615,Dun Laoghaire Rathdown,GRANT PERMISSION
53.29001904,-6.27498388,Dun Laoghaire Rathdown,GRANT PERMISSION
53.28840016,-6.143523743,Dun Laoghaire Rathdown,GRANT PERMISSION
53.28125138,-6.211487971,Dun Laoghaire Rathdown,GRANT PERMISSION FOR RETENTION
53.26019889,-6.203149347,Dun Laoghaire Rathdown,GRANT PERMISSION
53.27646625,-6.257152857,Dun Laoghaire Rathdown,GRANT PERMISSION
53.29404663,-6.133459869,Dun Laoghaire Rathdown,GRANT PERMISSION FOR RETENTION
53.28348715,-6.147571883,Dun Laoghaire Rathdown,WITHDRAW THE APPLICATION
53.28741279,-6.11315554,Dun Laoghaire Rathdown,GRANT PERMISSION
53.29718747,-6.163093317,Dun Laoghaire Rathdown,GRANT PERMISSION
53.26954697,-6.184307258,Dun Laoghaire Rathdown,GRANT PERMISSION
53.25594603,-6.132939908,Dun Laoghaire Rathdown,GRANT PERMISSION
53.26601824,-6.162759162,Dun Laoghaire Rathdown,GRANT PERMISSION
53.26874187,-6.15348364,Dun Laoghaire Rathdown,GRANT PERMISSION
53.2687549,-6.122535383,Dun Laoghaire Rathdown,GRANT PERMISSION
53.27465196,-6.218774422,Dun Laoghaire Rathdown,GRANT PERMISSION
53.29235662,-6.266090944,Dun Laoghaire Rathdown,REFUSE PERMISSION
53.28749477,-6.13761776,Dun Laoghaire Rathdown,GRANT PERMISSION
53.29248492,-6.141831867,Dun Laoghaire Rathdown,GRANT PERMISSION
53.30022844,-6.266832202,Dun Laoghaire Rathdown,GRANT PERMISSION
53.27257974,-6.196954102,Dun Laoghaire Rathdown,GRANT PERMISSION
53.30878715,-6.236075453,Dun Laoghaire Rathdown,GRANT PERMISSION
53.26965881,-6.250096143,Dun Laoghaire Rathdown,REFUSE PERMISSION
53.27652655,-6.235038447,Dun Laoghaire Rathdown,REFUSE PERMISSION
53.28294756,-6.228024713,Dun Laoghaire Rathdown,GRANT PERMISSION
53.2764398,-6.145517799,Dun Laoghaire Rathdown,GRANT PERMISSION
53.25808265,-6.188762722,Dun Laoghaire Rathdown,GRANT PERMISSION FOR RETENTION
53.27628553,-6.117524198,Dun Laoghaire Rathdown,GRANT PERMISSION FOR RETENTION
53.27931227,-6.238227507,Dun Laoghaire Rathdown,GRANT PERMISSION FOR RETENTION
53.22342077,-6.197498397,Dun Laoghaire Rathdown,GRANT PERMISSION
53.28368201,-6.215070128,Dun Laoghaire Rathdown,GRANT PERMISSION
53.29700191,-6.235190002,Dun Laoghaire Rathdown,GRANT PERMISSION
53.26146414,-6.165110364,Dun Laoghaire Rathdown,GRANT PERMISSION
53.31080285,-6.205551592,Dun Laoghaire Rathdown,GRANT PERMISSION
53.25713722,-6.220079378,Dun Laoghaire Rathdown,GRANT PERMISSION FOR RETENTION
53.29897784,-6.238866495,Dun Laoghaire Rathdown,GRANT PERMISSION
53.2862329,-6.135965857,Dun Laoghaire Rathdown,GRANT PERMISSION FOR RETENTION
53.2312177,-6.133461786,Dun Laoghaire Rathdown,GRANT PERMISSION
53.28348549,-6.265686546,Dun Laoghaire Rathdown,GRANT PERMISSION
53.2790534,-6.149307087,Dun Laoghaire Rathdown,GRANT PERMISSION
53.22572396,-6.123558876,Dun Laoghaire Rathdown,GRANT PERMISSION
53.26381413,-6.114773281,Dun Laoghaire Rathdown,GRANT PERMISSION
53.2907597,-6.231917962,Dun Laoghaire Rathdown,GRANT PERMISSION
53.22715956,-6.130696459,Dun Laoghaire Rathdown,GRANT PERMISSION FOR RETENTION
53.26410902,-6.233867514,Dun Laoghaire Rathdown,DECLARE APPLICATION WITHDRAWN
53.2569969,-6.114411828,Dun Laoghaire Rathdown,REFUSE PERMISSION FOR RETENTION
53.26876794,-6.177312284,Dun Laoghaire Rathdown,GRANT PERMISSION
53.28810653,-6.125726507,Dun Laoghaire Rathdown,GRANT PERMISSION
53.30848601,-6.233696098,Dun Laoghaire Rathdown,GRANT PERMISSION
53.27654351,-6.148202562,Dun Laoghaire Rathdown,GRANT PERMISSION
53.29539849,-6.238572961,Dun Laoghaire Rathdown,GRANT PERMISSION
53.29844796,-6.248244961,Dun Laoghaire Rathdown,GRANT PERMISSION
53.29572544,-6.15848273,Dun Laoghaire Rathdown,GRANT PERMISSION FOR RETENTION
53.29815227,-6.188347639,Dun Laoghaire Rathdown,GRANT PERMISSION
53.28805391,-6.13757728,Dun Laoghaire Rathdown,GRANT PERMISSION
53.30653507,-6.248672235,Dun Laoghaire Rathdown,GRANT PERMISSION
53.22538903,-6.146557396,Dun Laoghaire Rathdown,REFUSE PERMISSION
53.29677575,-6.231056657,Dun Laoghaire Rathdown,DECLARE INVALID (SITE NOTICE)
53.28028642,-6.190801106,Dun Laoghaire Rathdown,GRANT PERMISSION
53.29291564,-6.272449,Dun Laoghaire Rathdown,GRANT PERMISSION
53.25180356,-6.225881303,Dun Laoghaire Rathdown,GRANT PERMISSION
53.2565982,-6.218583098,Dun Laoghaire Rathdown,GRANT PERMISSION
53.25430448,-6.165416288,Dun Laoghaire Rathdown,GRANT PERMISSION
53.29406329,-6.216577482,Dun Laoghaire Rathdown,DECLARE INVALID (SITE NOTICE)
53.25559223,-6.164735843,Dun Laoghaire Rathdown,GRANT PERMISSION
53.27483233,-6.163487806,Dun Laoghaire Rathdown,GRANT PERMISSION
53.28461782,-6.216630857,Dun Laoghaire Rathdown,WITHDRAW THE APPLICATION
53.29175891,-6.137837615,Dun Laoghaire Rathdown,GRANT PERMISSION FOR RETENTION
53.25947579,-6.259637572,Dun Laoghaire Rathdown,GRANT PERMISSION
53.26703951,-6.244761457,Dun Laoghaire Rathdown,REFUSE PERMISSION
53.28398903,-6.223778323,Dun Laoghaire Rathdown,REFUSE PERMISSION
53.29755156,-6.24855987,Dun Laoghaire Rathdown,REFUSE PERMISSION
53.30406559,-6.234176414,Dun Laoghaire Rathdown,GRANT PERMISSION FOR RETENTION
53.27659341,-6.163528462,Dun Laoghaire Rathdown,GRANT PERMISSION
53.29643344,-6.252568225,Dun Laoghaire Rathdown,GRANT PERMISSION
53.23768781,-6.124814339,Dun Laoghaire Rathdown,GRANT PERMISSION
53.30441402,-6.239342993,Dun Laoghaire Rathdown,GRANT PERMISSION
53.28039956,-6.230392988,Dun Laoghaire Rathdown,GRANT PERMISSION
53.29657116,-6.253686121,Dun Laoghaire Rathdown,GRANT PERMISSION
53.28460849,-6.11759596,Dun Laoghaire Rathdown,GRANT PERMISSION
53.28292116,-6.252120094,Dun Laoghaire Rathdown,WITHDRAW THE APPLICATION
53.27707184,-6.115796333,Dun Laoghaire Rathdown,GRANT PERMISSION
53.2820235,-6.248921527,Dun Laoghaire Rathdown,DECLARE INVALID (SITE NOTICE)
53.2969295,-6.232881309,Dun Laoghaire Rathdown,GRANT PERMISSION
53.29031941,-6.233533972,Dun Laoghaire Rathdown,REFUSE PERMISSION
53.271881,-6.166985519,Dun Laoghaire Rathdown,GRANT PERMISSION
53.25203589,-6.215004341,Dun Laoghaire Rathdown,GRANT PERMISSION
53.25309263,-6.168803472,Dun Laoghaire Rathdown,GRANT PERMISSION
53.26830552,-6.122420972,Dun Laoghaire Rathdown,GRANT PERMISSION
53.29046124,-6.220626144,Dun Laoghaire Rathdown,GRANT PERMISSION
53.26493516,-6.16011601,Dun Laoghaire Rathdown,GRANT PERMISSION
53.29461025,-6.165719692,Dun Laoghaire Rathdown,GRANT PERMISSION
53.26033395,-6.197485258,Dun Laoghaire Rathdown,GRANT PERMISSION
53.25284266,-6.136037309,Dun Laoghaire Rathdown,GRANT PERMISSION
53.25499326,-6.143434084,Dun Laoghaire Rathdown,GRANT PERMISSION FOR RETENTION
53.2884829,-6.143420125,Dun Laoghaire Rathdown,REFUSE PERMISSION
53.29658624,-6.164991963,Dun Laoghaire Rathdown,GRANT PERMISSION
53.31065633,-6.239392145,Dun Laoghaire Rathdown,GRANT PERMISSION
53.28943283,-6.139552799,Dun Laoghaire Rathdown,REFUSE PERMISSION
53.30802247,-6.20708443,Dun Laoghaire Rathdown,GRANT PERMISSION FOR RETENTION
53.28793334,-6.172036711,Dun Laoghaire Rathdown,REFUSE PERMISSION FOR RETENTION
53.29225235,-6.239812712,Dun Laoghaire Rathdown,GRANT PERMISSION
53.29657658,-6.218345845,Dun Laoghaire Rathdown,GRANT PERMISSION
53.2935197,-6.244158453,Dun Laoghaire Rathdown,GRANT PERMISSION
53.30174049,-6.193532049,Dun Laoghaire Rathdown,GRANT PERMISSION
53.29000823,-6.243400331,Dun Laoghaire Rathdown,GRANT PERMISSION
53.29221654,-6.27214705,Dun Laoghaire Rathdown,REFUSE PERMISSION FOR RETENTION
53.29212319,-6.214116956,Dun Laoghaire Rathdown,GRANT PERMISSION
53.28460092,-6.178742267,Dun Laoghaire Rathdown,GRANT PERMISSION FOR RETENTION
53.30422196,-6.246265258,Dun Laoghaire Rathdown,GRANT PERMISSION FOR RETENTION
